logHD,ZP,AccumDose,PT_Inorganic,PT_Organic,MAT_Hybrid,MAT_Hydrogel,MAT_Inorganic others,MAT_Iron,MAT_Liposome,MAT_Organic others,MAT_Polymeric,MAT_Silica,Shape_Plate,Shape_Rod,Shape_Spherical,TS_Passive,TM_Allograft Orthotopic,TM_Healthy,TM_Xenograft Heterotopic,TM_Xenograft Orthotopic,Cancer_Freproductive,Cancer_GI tract,Cancer_Healthy,Cancer_Lung,Cancer_Mreproductive,Cancer_Others,Cancer_Skin,AT_YES,MM_healthy,CoDelivery_yes,BUN%
2.291146761731885,17.4863388,224.0,1.0,0.0,0.0,0,0.0,0,0.0,0.0,0.0,1.0,1.0,0,0.0,1.0,0.0,0.0,0.0,0,1.0,0.0,0.0,0.0,0,0.0,0,1.0,0.0,1.0,0.0
2.291146761731885,17.4863388,224.0,1.0,0.0,0.0,0,0.0,0,0.0,0.0,0.0,1.0,1.0,0,0.0,1.0,0.0,0.0,0.0,0,1.0,0.0,0.0,0.0,0,0.0,0,1.0,0.0,1.0,0.0
2.291146761731885,17.4863388,224.0,1.0,0.0,0.0,0,0.0,0,0.0,0.0,0.0,1.0,1.0,0,0.0,1.0,0.0,0.0,0.0,0,1.0,0.0,0.0,0.0,0,0.0,0,1.0,0.0,1.0,0.0
2.291146761731885,17.4863388,224.0,1.0,0.0,0.0,0,0.0,0,0.0,0.0,0.0,1.0,1.0,0,0.0,1.0,0.0,0.0,0.0,0,1.0,0.0,0.0,0.0,0,0.0,0,1.0,0.0,1.0,0.0
2.291383450732614,17.671699288399605,225.92479918874974,0.0,0.0,0.0,0,0.0,0,0.0,0.0,0.0,1.0,1.0,0,0.0,1.0,0.0,0.0,0.0,0,1.0,0.0,0.0,0.0,0,0.0,0,1.0,0.0,0.0,0.0
2.291146761731885,17.4863388,224.0,1.0,0.0,0.0,0,0.0,0,0.0,0.0,0.0,1.0,1.0,0,0.0,1.0,0.0,0.0,0.0,0,1.0,0.0,0.0,0.0,0,0.0,0,1.0,0.0,1.0,0.0
2.3358363481759032,29.119719127404252,19.98477017947861,0.0,0.0,0.0,0,0.0,0,0.0,0.0,1.0,0.0,0.0,0,0.0,1.0,0.0,0.0,0.0,0,0.0,0.0,0.0,0.0,0,0.0,0,0.0,0.0,0.0,0.0
2.3336724955006933,29.001865828960327,18.587523397546178,0.0,0.0,0.0,0,0.0,0,0.0,0.0,0.0,0.0,0.0,0,1.0,1.0,0.0,0.0,0.0,0,0.0,0.0,0.0,0.0,0,0.0,0,0.0,0.0,0.0,0.0
2.313311889209188,22.805342254807172,25.874333328190218,0.0,0.0,0.0,0,1.0,0,0.0,0.0,0.0,0.0,0.0,0,1.0,0.0,0.0,0.0,1.0,0,0.0,0.0,0.0,0.0,0,0.0,0,0.0,0.0,0.0,2.267394902803378
2.3138672203691533,22.8,24.0,1.0,0.0,0.0,0,1.0,0,0.0,0.0,0.0,0.0,0.0,0,1.0,1.0,0.0,0.0,1.0,0,0.0,0.0,0.0,1.0,0,0.0,0,0.0,0.0,0.0,3.4029973875979502
2.3138672203691533,22.8,24.0,1.0,0.0,0.0,0,1.0,0,0.0,0.0,0.0,0.0,0.0,0,1.0,1.0,0.0,0.0,1.0,0,0.0,0.0,0.0,1.0,0,0.0,0,0.0,0.0,0.0,3.4029973875979502
2.3138672203691533,22.8,24.0,1.0,0.0,0.0,0,1.0,0,0.0,0.0,0.0,0.0,0.0,0,1.0,1.0,0.0,0.0,1.0,0,0.0,0.0,0.0,1.0,0,0.0,0,0.0,0.0,0.0,3.4029973875979502
2.3138672203691533,22.8,24.0,1.0,0.0,0.0,0,1.0,0,0.0,0.0,0.0,0.0,0.0,0,1.0,1.0,0.0,0.0,1.0,0,0.0,0.0,0.0,1.0,0,0.0,0,0.0,0.0,0.0,3.4029973875979502
2.3142088970674464,22.95743098172878,23.060144575238958,0.0,0.0,0.0,0,0.0,0,0.0,0.0,0.0,0.0,0.0,0,1.0,0.0,0.0,0.0,1.0,0,0.0,0.0,0.0,0.0,0,0.0,0,0.0,0.0,0.0,2.224566963836378
2.3138672203691533,22.8,24.0,1.0,0.0,0.0,0,1.0,0,0.0,0.0,0.0,0.0,0.0,0,1.0,1.0,0.0,0.0,1.0,0,0.0,0.0,0.0,1.0,0,0.0,0,0.0,0.0,0.0,3.4029973875979502
2.3138672203691533,22.8,24.0,1.0,0.0,0.0,0,1.0,0,0.0,0.0,0.0,0.0,0.0,0,1.0,1.0,0.0,0.0,1.0,0,0.0,0.0,0.0,1.0,0,0.0,0,0.0,0.0,0.0,3.4029973875979502
2.2576876549091596,14.85643598791655,181.57877824075618,0.0,1.0,0.0,0,0.0,0,0.0,0.0,0.0,0.0,0.0,0,0.0,0.0,0.0,0.0,0.0,0,0.0,0.0,0.0,1.0,0,0.0,0,0.0,0.0,0.0,0.0
2.2738400649485135,16.21881534233195,201.5690134677566,0.0,0.0,0.0,0,0.0,0,0.0,0.0,0.0,0.0,0.0,0,0.0,0.0,0.0,0.0,0.0,0,0.0,0.0,0.0,0.0,0,0.0,0,0.0,0.0,1.0,0.0
2.218407800880934,39.79029903611171,17.390028991034615,0.0,0.0,0.0,0,0.0,0,0.0,0.0,1.0,0.0,0.0,0,0.0,0.0,0.0,0.0,1.0,0,0.0,0.0,0.0,0.0,0,0.0,0,0.0,0.0,0.0,0.0
2.218493551623035,39.88461162414429,20.601990385889348,0.0,1.0,0.0,0,0.0,0,0.0,0.0,1.0,0.0,0.0,0,0.0,1.0,0.0,0.0,1.0,0,0.0,0.0,0.0,0.0,0,0.0,0,0.0,0.0,0.0,0.0
2.2197126883998375,39.629861982613576,23.55782486829519,0.0,0.0,0.0,0,0.0,0,0.0,0.0,1.0,0.0,0.0,0,0.0,1.0,0.0,0.0,0.0,0,0.0,0.0,0.0,0.0,0,0.0,0,0.0,0.0,0.0,0.0
2.217668151286279,40.0,20.0,0.0,1.0,0.0,0,0.0,0,0.0,0.0,1.0,0.0,0.0,0,1.0,1.0,0.0,0.0,1.0,0,0.0,1.0,0.0,0.0,0,0.0,0,0.0,0.0,0.0,0.0
2.3138672203691533,22.8,24.0,1.0,0.0,0.0,0,1.0,0,0.0,0.0,0.0,0.0,0.0,0,1.0,1.0,0.0,0.0,1.0,0,0.0,0.0,0.0,1.0,0,0.0,0,0.0,0.0,0.0,3.4029973875979502
2.3327517868175516,29.12147032454016,18.070502802852413,0.0,0.0,0.0,0,0.0,0,0.0,0.0,0.0,0.0,0.0,0,0.0,1.0,0.0,0.0,0.0,0,0.0,0.0,0.0,0.0,0,0.0,0,0.0,0.0,0.0,0.0
2.2181095427085964,39.96493257570311,20.633161366700367,0.0,0.0,0.0,0,0.0,0,0.0,0.0,0.0,0.0,0.0,0,0.0,0.0,0.0,0.0,1.0,0,0.0,0.0,0.0,0.0,0,0.0,0,0.0,0.0,0.0,0.0
2.2907487800789905,17.493161455749448,222.5558870391966,0.0,0.0,0.0,0,0.0,0,0.0,0.0,0.0,1.0,1.0,0,0.0,1.0,0.0,0.0,0.0,0,0.0,0.0,0.0,0.0,0,0.0,0,1.0,0.0,1.0,0.0
2.257187901075702,15.123898760629643,182.42101043993267,0.0,0.0,0.0,0,0.0,0,0.0,0.0,0.0,0.0,0.0,0,0.0,0.0,0.0,0.0,0.0,0,0.0,0.0,0.0,0.0,0,0.0,0,0.0,0.0,0.0,0.0
2.2177470732627937,22.57,20.0,0.0,1.0,0.0,0,0.0,0,0.0,0.0,1.0,0.0,0.0,0,1.0,0.0,0.0,0.0,1.0,0,0.0,1.0,0.0,0.0,0,0.0,0,0.0,0.0,0.0,-6.580377433059981
2.2571984261393445,15.0,180.0,0.0,1.0,0.0,0,0.0,0,1.0,0.0,0.0,0.0,0.0,0,1.0,0.0,1.0,0.0,0.0,0,0.0,0.0,0.0,1.0,0,0.0,0,0.0,0.0,1.0,-14.75443510737627
2.3138672203691533,22.8,24.0,1.0,0.0,0.0,0,1.0,0,0.0,0.0,0.0,0.0,0.0,0,1.0,1.0,0.0,0.0,1.0,0,0.0,0.0,0.0,1.0,0,0.0,0,0.0,0.0,0.0,2.2686649250653
2.194597585242509,30.2,20.0,0.0,1.0,0.0,0,0.0,0,0.0,0.0,1.0,0.0,0.0,0,1.0,0.0,0.0,0.0,1.0,0,0.0,1.0,0.0,0.0,0,0.0,0,0.0,0.0,0.0,-11.37239403221025
2.3138672203691533,22.8,24.0,1.0,0.0,0.0,0,1.0,0,0.0,0.0,0.0,0.0,0.0,0,1.0,1.0,0.0,0.0,1.0,0,0.0,0.0,0.0,1.0,0,0.0,0,0.0,0.0,0.0,2.2686649250653
2.103803720955957,4.8,25.0,0.0,0.0,1.0,0,0.0,0,0.0,0.0,0.0,0.0,0.0,0,0.0,1.0,1.0,0.0,0.0,0,0.0,0.0,0.0,0.0,0,1.0,0,0.0,0.0,0.0,-11.599999999999989
1.977723605288848,26.7,25.0,0.0,0.0,1.0,0,0.0,0,0.0,0.0,0.0,0.0,0.0,0,0.0,1.0,1.0,0.0,0.0,0,0.0,0.0,0.0,0.0,0,1.0,0,0.0,0.0,0.0,-11.599999999999989
1.977723605288848,26.7,25.0,0.0,0.0,1.0,0,0.0,0,0.0,0.0,0.0,0.0,0.0,0,0.0,1.0,1.0,0.0,0.0,0,0.0,0.0,0.0,0.0,0,1.0,0,0.0,0.0,0.0,-11.599999999999989
2.194597585242509,30.2,20.0,0.0,1.0,0.0,0,0.0,0,0.0,0.0,1.0,0.0,0.0,0,1.0,0.0,0.0,0.0,1.0,0,0.0,1.0,0.0,0.0,0,0.0,0,0.0,0.0,0.0,-11.37239403221025
2.2177470732627937,22.57,20.0,0.0,1.0,0.0,0,0.0,0,0.0,0.0,1.0,0.0,0.0,0,1.0,0.0,0.0,0.0,1.0,0,0.0,1.0,0.0,0.0,0,0.0,0,0.0,0.0,0.0,-6.580377433059981
2.100370545117563,1.4,3.0,0.0,1.0,0.0,0,0.0,0,0.0,0.0,1.0,0.0,0.0,0,1.0,1.0,0.0,0.0,0.0,0,0.0,0.0,0.0,0.0,0,1.0,0,0.0,0.0,0.0,-7.04862419901998
2.2979136358078662,52.77,20.0,0.0,1.0,0.0,0,0.0,0,0.0,0.0,1.0,0.0,0.0,0,1.0,1.0,0.0,0.0,1.0,0,0.0,1.0,0.0,0.0,0,0.0,0,0.0,0.0,0.0,-7.785791917794679
1.9066582176716,7.94,119.7,0.0,1.0,0.0,0,0.0,0,0.0,0.0,1.0,0.0,0.0,0,1.0,1.0,0.0,0.0,1.0,0,0.0,0.0,0.0,0.0,0,0.0,0,0.0,0.0,0.0,13.54712041884818
2.3138672203691533,22.8,24.0,1.0,0.0,0.0,0,1.0,0,0.0,0.0,0.0,0.0,0.0,0,1.0,1.0,0.0,0.0,1.0,0,0.0,0.0,0.0,1.0,0,0.0,0,1.0,0.0,0.0,9.08840918465558
1.9066582176716,7.94,119.7,0.0,1.0,0.0,0,0.0,0,0.0,0.0,1.0,0.0,0.0,0,1.0,1.0,0.0,0.0,1.0,0,0.0,0.0,0.0,0.0,0,0.0,0,0.0,0.0,0.0,13.54712041884818
1.9066582176716,7.94,119.7,0.0,1.0,0.0,0,0.0,0,0.0,0.0,1.0,0.0,0.0,0,1.0,1.0,0.0,0.0,1.0,0,0.0,0.0,0.0,0.0,0,0.0,0,0.0,0.0,0.0,13.54712041884818
1.9066582176716,7.94,119.7,0.0,1.0,0.0,0,0.0,0,0.0,0.0,1.0,0.0,0.0,0,1.0,1.0,0.0,0.0,1.0,0,0.0,0.0,0.0,0.0,0,0.0,0,0.0,0.0,0.0,13.54712041884818
1.9618954736678504,21.1,4.5,1.0,0.0,0.0,0,0.0,1,0.0,0.0,0.0,0.0,0.0,0,1.0,1.0,0.0,0.0,0.0,0,0.0,0.0,0.0,0.0,0,0.0,0,0.0,0.0,1.0,-10.33437401022577
2.194597585242509,30.2,20.0,0.0,1.0,0.0,0,0.0,0,0.0,0.0,1.0,0.0,0.0,0,1.0,0.0,0.0,0.0,1.0,0,0.0,1.0,0.0,0.0,0,0.0,0,0.0,0.0,0.0,-11.37239403221025
2.2571984261393445,15.0,180.0,0.0,1.0,0.0,0,0.0,0,1.0,0.0,0.0,0.0,0.0,0,1.0,0.0,1.0,0.0,0.0,0,0.0,0.0,0.0,1.0,0,0.0,0,0.0,0.0,1.0,-14.75443510737627
2.1583624920952498,0.88,10.0,0.0,1.0,0.0,0,0.0,0,0.0,0.0,1.0,0.0,0.0,0,1.0,1.0,0.0,1.0,0.0,0,0.0,0.0,1.0,0.0,0,0.0,0,0.0,1.0,0.0,31.099999999999987
2.3138672203691533,22.8,24.0,1.0,0.0,0.0,0,1.0,0,0.0,0.0,0.0,0.0,0.0,0,1.0,1.0,0.0,0.0,1.0,0,0.0,0.0,0.0,1.0,0,0.0,0,0.0,0.0,0.0,2.2686649250653
2.1583624920952498,0.88,10.0,0.0,1.0,0.0,0,0.0,0,0.0,0.0,1.0,0.0,0.0,0,1.0,1.0,0.0,1.0,0.0,0,0.0,0.0,1.0,0.0,0,0.0,0,0.0,1.0,0.0,31.099999999999987
1.9000939015433984,8.16,119.7,0.0,1.0,0.0,0,0.0,0,0.0,1.0,0.0,0.0,0.0,0,1.0,0.0,0.0,0.0,1.0,0,0.0,0.0,0.0,0.0,0,0.0,0,0.0,0.0,0.0,19.62041884816754
2.100370545117563,1.4,3.0,0.0,1.0,0.0,0,0.0,0,0.0,0.0,1.0,0.0,0.0,0,1.0,1.0,0.0,0.0,0.0,0,0.0,0.0,0.0,0.0,0,1.0,0,0.0,0.0,0.0,-7.04862419901998
2.2571984261393445,15.0,180.0,0.0,1.0,0.0,0,0.0,0,1.0,0.0,0.0,0.0,0.0,0,1.0,0.0,1.0,0.0,0.0,0,0.0,0.0,0.0,1.0,0,0.0,0,0.0,0.0,1.0,-14.75443510737627
2.3536372009625652,-34.27561111352933,19.70482428055033,0.0,0.0,1.0,0,0.0,0,0.0,0.0,0.0,0.0,0.0,0,1.0,0.0,0.0,0.0,1.0,0,0.0,0.0,0.0,0.0,0,1.0,0,0.0,0.0,0.0,23.55883915189778
2.340009652942501,-33.951812908533235,20.600182932055752,0.0,0.0,0.0,0,0.0,0,0.0,0.0,0.0,0.0,0.0,0,1.0,0.0,0.0,0.0,0.0,0,0.0,0.0,0.0,0.0,0,0.0,0,0.0,0.0,0.0,23.121032964130332
2.3399237702300586,-34.02228477345851,20.347993157156044,0.0,0.0,0.0,0,0.0,0,0.0,0.0,0.0,0.0,0.0,0,1.0,0.0,0.0,0.0,0.0,0,0.0,0.0,0.0,0.0,0,0.0,0,0.0,0.0,0.0,23.19954745117653
2.3465065761057518,-34.26238559021,19.940341726255916,0.0,0.0,1.0,0,0.0,0,0.0,0.0,0.0,0.0,0.0,0,1.0,0.0,0.0,0.0,1.0,0,0.0,0.0,0.0,0.0,0,0.0,0,0.0,0.0,0.0,21.341419758664525
2.346053730421796,-34.077146375694326,20.18708289638007,0.0,0.0,0.0,0,0.0,0,0.0,0.0,0.0,0.0,0.0,0,1.0,0.0,0.0,0.0,1.0,0,0.0,0.0,0.0,0.0,0,1.0,0,0.0,0.0,0.0,23.84959702001305
2.1282257508164846,-41.83958381468203,2.070735314692956,0.0,0.0,0.0,0,0.0,0,0.0,0.0,0.0,0.0,0.0,0,1.0,0.0,0.0,0.0,0.0,0,0.0,0.0,0.0,0.0,0,0.0,0,0.0,0.0,0.0,24.059557985787535
2.116896310853507,-42.51817697034987,0.8201214545528763,0.0,0.0,0.0,0,0.0,0,0.0,0.0,0.0,0.0,0.0,0,1.0,1.0,0.0,0.0,0.0,0,0.0,0.0,0.0,0.0,0,0.0,0,0.0,0.0,0.0,25.92323667551822
2.116510959506984,-42.414246799480836,1.4672726044348074,0.0,0.0,0.0,0,0.0,0,0.0,0.0,1.0,0.0,0.0,0,1.0,0.0,0.0,0.0,0.0,0,0.0,0.0,0.0,0.0,0,0.0,0,0.0,0.0,0.0,23.736819827237696
2.115306280297878,-42.32467300646912,1.0884860495910695,0.0,0.0,0.0,0,0.0,0,0.0,0.0,0.0,0.0,0.0,0,1.0,1.0,0.0,0.0,0.0,0,0.0,0.0,0.0,0.0,0,0.0,0,0.0,0.0,0.0,24.880044663182982
2.114554057430655,-42.049709244084916,1.0952234970017785,0.0,1.0,0.0,0,0.0,0,0.0,0.0,0.0,0.0,0.0,0,1.0,1.0,0.0,0.0,0.0,0,0.0,0.0,0.0,0.0,0,0.0,0,0.0,0.0,0.0,23.05931339840929
2.0241229670448653,-28.36232708574675,44.47512083564846,0.0,1.0,0.0,0,0.0,0,0.0,0.0,0.0,0.0,0.0,0,1.0,0.0,0.0,0.0,0.0,0,0.0,0.0,0.0,0.0,0,0.0,0,0.0,0.0,0.0,28.507870382823008
2.0211892990699383,-28.1,45.0,0.0,1.0,0.0,0,0.0,0,0.0,0.0,1.0,0.0,0.0,0,1.0,1.0,0.0,0.0,0.0,0,0.0,0.0,0.0,0.0,0,0.0,0,0.0,0.0,0.0,30.459755570382477
2.018968164899698,-28.30257445185099,45.376573952454585,0.0,1.0,0.0,0,0.0,0,0.0,0.0,1.0,0.0,0.0,0,1.0,0.0,0.0,0.0,0.0,0,0.0,0.0,0.0,0.0,0,0.0,0,0.0,0.0,0.0,27.500864095571092
2.0211892990699383,-28.1,45.0,0.0,1.0,0.0,0,0.0,0,0.0,0.0,1.0,0.0,0.0,0,1.0,1.0,0.0,0.0,0.0,0,0.0,0.0,0.0,0.0,0,0.0,0,0.0,0.0,0.0,28.549706773332538
2.0215317053310815,-28.139181860579782,45.0,0.0,1.0,0.0,0,0.0,0,0.0,0.0,1.0,0.0,0.0,0,1.0,1.0,0.0,0.0,0.0,0,0.0,0.0,0.0,0.0,0,0.0,0,0.0,0.0,0.0,30.459755570382477
2.0278474558076143,-28.14375700318818,45.22114051444989,0.0,0.0,0.0,0,0.0,0,0.0,0.0,1.0,0.0,0.0,0,1.0,0.0,0.0,0.0,0.0,0,0.0,0.0,0.0,0.0,0,0.0,0,0.0,0.0,0.0,28.609361853082888
2.032906730659253,-29.44083637767765,45.0,0.0,1.0,0.0,0,0.0,0,0.0,0.0,1.0,0.0,0.0,0,1.0,1.0,0.0,0.0,0.0,0,0.0,0.0,0.0,0.0,0,0.0,0,0.0,0.0,0.0,30.80667479062271
2.0210136474864075,-28.093368290930204,45.0,0.0,1.0,0.0,0,0.0,0,0.0,0.0,1.0,0.0,0.0,0,1.0,1.0,0.0,0.0,0.0,0,0.0,0.0,0.0,0.0,0,0.0,0,1.0,0.0,0.0,32.98526009647509
2.026794671094071,-27.718369571368463,45.04877969963351,0.0,0.0,0.0,0,0.0,0,0.0,0.0,0.0,0.0,0.0,0,1.0,0.0,0.0,0.0,0.0,0,0.0,0.0,0.0,0.0,0,0.0,0,1.0,0.0,0.0,30.26385555021145
2.0229175918411744,-27.684204016623877,45.01904905818259,0.0,1.0,0.0,0,0.0,0,0.0,0.0,0.0,0.0,0.0,0,1.0,1.0,0.0,0.0,0.0,0,0.0,0.0,0.0,0.0,0,0.0,0,1.0,0.0,0.0,28.379817224298193
2.0358095079528016,-29.50589246876255,45.01959115084021,0.0,0.0,0.0,0,0.0,0,0.0,0.0,0.0,0.0,0.0,0,1.0,1.0,0.0,0.0,0.0,0,0.0,0.0,0.0,0.0,0,0.0,0,0.0,0.0,0.0,33.66674656087044
2.035223653921545,-29.142166716819954,44.516295331713046,0.0,0.0,0.0,0,0.0,0,0.0,0.0,0.0,0.0,0.0,0,1.0,0.0,0.0,0.0,0.0,0,0.0,0.0,0.0,0.0,0,0.0,0,0.0,0.0,0.0,32.82463850409187
2.03342375548695,-29.5,45.0,0.0,1.0,0.0,0,0.0,0,0.0,0.0,1.0,0.0,0.0,0,1.0,1.0,0.0,0.0,0.0,0,0.0,0.0,0.0,0.0,0,0.0,0,0.0,0.0,0.0,33.04247940696548
2.0349787944518276,-29.41062322096298,45.56584108473454,0.0,1.0,0.0,0,0.0,0,0.0,0.0,0.0,0.0,0.0,0,1.0,0.0,0.0,0.0,0.0,0,0.0,0.0,0.0,0.0,0,0.0,0,0.0,0.0,0.0,32.005040989328826
2.0309774245294014,-29.386208067243732,44.49782333289436,0.0,0.0,0.0,0,0.0,0,0.0,0.0,1.0,0.0,0.0,0,1.0,0.0,0.0,0.0,0.0,0,0.0,0.0,0.0,0.0,0,0.0,0,0.0,0.0,0.0,33.729983532886536
2.021986685061081,-28.191245605816015,45.0,0.0,1.0,0.0,0,0.0,0,0.0,0.0,1.0,0.0,0.0,0,1.0,1.0,0.0,0.0,0.0,0,0.0,0.0,0.0,0.0,0,0.0,0,1.0,0.0,0.0,50.30515542077331
2.0216151787357948,-28.148733798370472,45.0,0.0,1.0,0.0,0,0.0,0,0.0,0.0,1.0,0.0,0.0,0,1.0,1.0,0.0,0.0,0.0,0,0.0,0.0,0.0,0.0,0,0.0,0,0.0,0.0,0.0,30.459755570382477
2.0254359801677007,-28.58595158903836,45.0,0.0,1.0,0.0,0,0.0,0,0.0,0.0,1.0,0.0,0.0,0,1.0,1.0,0.0,0.0,0.0,0,0.0,0.0,0.0,0.0,0,0.0,0,0.0,0.0,0.0,30.459755570382477
2.035156068951783,-29.157168727488056,45.014152756847004,0.0,0.0,0.0,0,0.0,0,0.0,0.0,0.0,0.0,0.0,0,1.0,0.0,0.0,0.0,0.0,0,0.0,0.0,0.0,0.0,0,0.0,0,0.0,0.0,0.0,34.18194492192721
2.037000860624597,-29.229860625885653,44.982384825202494,0.0,1.0,0.0,0,0.0,0,0.0,0.0,0.0,0.0,0.0,0,1.0,1.0,0.0,0.0,0.0,0,0.0,0.0,0.0,0.0,0,0.0,0,1.0,0.0,0.0,34.89975310852279
2.0201150859130292,-28.13826176014837,45.02102243807991,0.0,1.0,0.0,0,0.0,0,0.0,0.0,1.0,0.0,0.0,0,1.0,1.0,0.0,0.0,0.0,0,0.0,0.0,0.0,0.0,0,0.0,0,0.0,0.0,0.0,33.91672447419254
2.019573206065147,-28.232825719674576,43.98371480030344,0.0,1.0,0.0,0,0.0,0,0.0,0.0,1.0,0.0,0.0,0,1.0,1.0,0.0,0.0,0.0,0,0.0,0.0,0.0,0.0,0,0.0,0,1.0,0.0,0.0,34.992386479374545
2.0196689320197874,-28.042598684547983,45.0,0.0,1.0,0.0,0,0.0,0,0.0,0.0,1.0,0.0,0.0,0,1.0,1.0,0.0,0.0,0.0,0,0.0,0.0,0.0,0.0,0,0.0,0,1.0,0.0,0.0,35.561692366912766
2.027200170000079,-28.787829439687744,45.0,0.0,1.0,0.0,0,0.0,0,0.0,0.0,1.0,0.0,0.0,0,1.0,1.0,0.0,0.0,0.0,0,0.0,0.0,0.0,0.0,0,0.0,0,0.0,0.0,0.0,33.04247940696548
2.02848243863791,-28.934560608754413,45.0,0.0,1.0,0.0,0,0.0,0,0.0,0.0,1.0,0.0,0.0,0,1.0,1.0,0.0,0.0,0.0,0,0.0,0.0,0.0,0.0,0,0.0,0,1.0,0.0,0.0,50.30515542077331
2.0151692510930426,-28.2984620793951,45.0,0.0,1.0,0.0,0,0.0,0,0.0,0.0,1.0,0.0,0.0,0,1.0,1.0,0.0,0.0,0.0,0,0.0,0.0,0.0,0.0,0,0.0,0,1.0,0.0,0.0,35.561692366912766
1.9985806604177703,-27.020340254969348,44.86430546805326,0.0,0.0,0.0,0,0.0,0,0.0,0.0,1.0,0.0,0.0,0,1.0,0.0,0.0,0.0,0.0,0,0.0,0.0,0.0,0.0,0,0.0,0,1.0,0.0,0.0,36.45223410446729
2.0119453555795914,-27.750995780093117,45.0,0.0,1.0,0.0,0,0.0,0,0.0,0.0,1.0,0.0,0.0,0,1.0,1.0,0.0,0.0,0.0,0,0.0,0.0,0.0,0.0,0,0.0,0,1.0,0.0,0.0,35.561692366912766
2.024243457104347,-28.895739462921462,45.0,0.0,1.0,0.0,0,0.0,0,0.0,0.0,1.0,0.0,0.0,0,1.0,1.0,0.0,0.0,0.0,0,0.0,0.0,0.0,0.0,0,0.0,0,0.0,0.0,0.0,35.006403907146655
1.9973912263131426,-26.98450443120473,44.81698155283228,0.0,1.0,0.0,0,0.0,0,0.0,0.0,1.0,0.0,0.0,0,1.0,1.0,0.0,0.0,0.0,0,0.0,0.0,0.0,0.0,0,0.0,0,1.0,0.0,0.0,38.91641090390394
2.3636949737427257,-25.48991432748389,69.63706101705439,0.0,0.0,0.0,0,0.0,0,0.0,0.0,0.0,0.0,0.0,0,1.0,1.0,0.0,0.0,0.0,0,0.0,0.0,0.0,0.0,0,0.0,0,0.0,0.0,0.0,45.48353799734744
2.362672148281925,-25.257308183530018,70.6191391937583,1.0,0.0,0.0,0,0.0,0,0.0,0.0,0.0,1.0,0.0,0,1.0,0.0,0.0,0.0,0.0,0,0.0,0.0,0.0,0.0,0,0.0,0,0.0,0.0,0.0,46.27768113134262
2.3573191910084095,-25.395089723065922,69.48254419936245,1.0,0.0,0.0,0,0.0,0,0.0,0.0,0.0,0.0,0.0,0,1.0,0.0,0.0,0.0,0.0,0,0.0,0.0,0.0,0.0,0,0.0,0,0.0,0.0,0.0,47.32781942826924
2.3605317711987275,-25.241011816425043,69.62706417236859,1.0,0.0,0.0,0,0.0,0,0.0,0.0,0.0,1.0,0.0,0,1.0,0.0,0.0,0.0,0.0,0,0.0,0.0,0.0,0.0,0,0.0,0,0.0,0.0,0.0,47.82958728154869
2.3610314903941716,-25.408389361434597,70.93907640746457,0.0,0.0,0.0,0,0.0,0,0.0,0.0,0.0,1.0,0.0,0,1.0,0.0,0.0,0.0,0.0,0,0.0,0.0,0.0,0.0,0,0.0,0,0.0,0.0,0.0,46.86422947022564
2.1841498965650272,-4.409397409560288,6.127222788594977,0.0,1.0,0.0,0,0.0,0,0.0,0.0,0.0,0.0,0.0,0,1.0,0.0,0.0,0.0,0.0,0,0.0,0.0,1.0,0.0,0,0.0,0,0.0,0.0,0.0,60.035884556796745
2.186292621654251,-4.133658110617985,7.026723580976522,0.0,0.0,0.0,0,0.0,0,0.0,0.0,0.0,0.0,0.0,0,1.0,1.0,0.0,1.0,0.0,0,0.0,0.0,1.0,0.0,0,0.0,0,0.0,1.0,0.0,59.88295028463807
2.183324535418466,-4.03317789563949,8.652309457082998,0.0,1.0,0.0,0,0.0,0,0.0,0.0,1.0,0.0,0.0,0,1.0,0.0,0.0,1.0,0.0,0,0.0,0.0,0.0,0.0,0,0.0,0,0.0,0.0,0.0,61.246791016338065
2.1879354634156396,-4.394881507522291,7.029853184013741,0.0,0.0,0.0,0,0.0,0,0.0,0.0,0.0,0.0,0.0,0,1.0,0.0,0.0,0.0,0.0,0,0.0,0.0,0.0,0.0,0,0.0,0,0.0,1.0,0.0,60.87369385240739
2.184585018834573,-4.2563879856306714,8.13259563529033,0.0,0.0,0.0,0,0.0,0,0.0,0.0,1.0,0.0,0.0,0,1.0,0.0,0.0,1.0,0.0,0,0.0,0.0,0.0,0.0,0,0.0,0,0.0,1.0,0.0,61.713725443181175
2.2922498492365797,-16.649627368780887,10.559759511007435,0.0,1.0,0.0,0,0.0,0,0.0,0.0,0.0,0.0,0.0,0,1.0,0.0,0.0,0.0,0.0,0,0.0,0.0,0.0,0.0,0,0.0,0,0.0,0.0,0.0,187.9863842232693
2.2930027704150104,-16.95947868936224,9.99782906347564,0.0,1.0,0.0,0,0.0,0,0.0,1.0,0.0,0.0,0.0,0,1.0,0.0,0.0,0.0,0.0,0,0.0,0.0,0.0,0.0,0,0.0,0,0.0,0.0,0.0,186.85086094142193
2.296501879395396,-16.664451119130927,11.170092908865326,0.0,0.0,0.0,0,0.0,0,0.0,1.0,0.0,0.0,0.0,0,1.0,0.0,0.0,0.0,0.0,0,0.0,0.0,0.0,0.0,0,0.0,0,0.0,0.0,0.0,187.68219054116514
2.2890615930658607,-16.809901381721655,11.162816575269405,0.0,1.0,0.0,0,0.0,0,0.0,0.0,0.0,0.0,0.0,0,1.0,0.0,0.0,0.0,0.0,0,0.0,0.0,0.0,0.0,0,0.0,0,0.0,0.0,0.0,186.79290605569344
2.2973766258973023,-16.947741484758602,11.181463962031994,0.0,0.0,0.0,0,0.0,0,0.0,0.0,0.0,0.0,0.0,0,1.0,0.0,0.0,0.0,0.0,0,0.0,0.0,0.0,0.0,0,0.0,0,0.0,0.0,0.0,186.4687383218187
2.2808945798861457,-17.54618024074822,10.195025655762485,0.0,0.0,0.0,0,0.0,0,0.0,0.0,0.0,0.0,0.0,0,1.0,0.0,0.0,0.0,0.0,0,0.0,0.0,0.0,0.0,0,0.0,0,0.0,0.0,0.0,251.36829369690597
2.284941684365044,-17.882021859518854,10.308244166933921,0.0,0.0,0.0,0,0.0,0,0.0,0.0,0.0,0.0,0.0,0,1.0,0.0,0.0,0.0,0.0,0,0.0,0.0,0.0,0.0,0,0.0,0,0.0,0.0,0.0,249.35701818261407
2.2869683747364857,-17.17769916354668,10.521067674013619,0.0,1.0,0.0,0,0.0,0,0.0,0.0,0.0,0.0,0.0,0,1.0,0.0,0.0,0.0,0.0,0,0.0,0.0,0.0,0.0,0,0.0,0,0.0,0.0,0.0,249.4360300083635
2.2853154356881693,-17.637513366916327,10.70451045205912,0.0,0.0,0.0,0,0.0,0,0.0,0.0,0.0,0.0,0.0,0,1.0,1.0,0.0,0.0,0.0,0,0.0,0.0,0.0,0.0,0,0.0,0,0.0,0.0,0.0,248.96413779202334
2.2877843625040946,-17.603860714064098,10.33921948219443,0.0,0.0,0.0,0,0.0,0,0.0,0.0,0.0,0.0,0.0,0,1.0,1.0,0.0,0.0,0.0,0,0.0,0.0,0.0,0.0,0,0.0,0,0.0,0.0,0.0,250.71680139028382
2.284410775717004,-17.93794613498011,10.333499090059835,0.0,1.0,0.0,0,0.0,0,0.0,0.0,0.0,0.0,0.0,0,1.0,1.0,0.0,0.0,0.0,0,0.0,0.0,0.0,0.0,0,0.0,0,0.0,0.0,0.0,252.05306521082778
2.0101258041799523,-27.96649509821221,45.0,0.0,1.0,0.0,0,0.0,0,0.0,0.0,1.0,0.0,0.0,0,1.0,1.0,0.0,0.0,0.0,0,0.0,0.0,0.0,0.0,0,0.0,0,1.0,0.0,0.0,35.561692366912766
2.3614369779735704,-25.617696448958792,70.12927902268898,1.0,0.0,0.0,0,0.0,0,0.0,0.0,0.0,0.0,0.0,0,1.0,0.0,0.0,0.0,0.0,0,0.0,0.0,0.0,0.0,0,0.0,0,0.0,0.0,0.0,46.49990008522289
1.942652811693212,-11.7,102.32,0.0,1.0,0.0,0,0.0,0,0.0,1.0,0.0,0.0,0.0,0,1.0,0.0,0.0,0.0,0.0,0,0.0,0.0,0.0,0.0,0,0.0,0,0.0,0.0,0.0,-14.798737174427771
1.942652811693212,-11.7,204.64,0.0,1.0,0.0,0,0.0,0,0.0,1.0,0.0,0.0,0.0,0,1.0,0.0,0.0,0.0,0.0,0,0.0,0.0,0.0,0.0,0,0.0,0,0.0,0.0,0.0,-12.70718232044199
1.8591382972945307,-52.4,75.0,0.0,0.0,1.0,0,0.0,0,0.0,0.0,0.0,0.0,0.0,0,1.0,0.0,0.0,1.0,0.0,0,0.0,0.0,1.0,0.0,0,0.0,0,1.0,1.0,1.0,-6.06843124596513
2.106190897263416,-5.454545455,168.0,0.0,1.0,0.0,0,0.0,0,1.0,0.0,0.0,0.0,0.0,0,1.0,0.0,0.0,0.0,0.0,1,0.0,0.0,0.0,0.0,0,0.0,0,0.0,0.0,1.0,2.1329579904720597
1.9339931638312424,-13.81,500.0,0.0,1.0,0.0,0,0.0,0,0.0,0.0,1.0,0.0,0.0,0,1.0,1.0,0.0,0.0,1.0,0,0.0,0.0,0.0,0.0,0,0.0,0,0.0,0.0,0.0,11.57754010695186
2.236537261488694,-23.9,24.0,0.0,1.0,0.0,1,0.0,0,0.0,0.0,0.0,0.0,0.0,0,1.0,1.0,0.0,0.0,0.0,0,0.0,0.0,0.0,0.0,0,0.0,1,0.0,0.0,1.0,-7.9609999999999905
2.236537261488694,-23.9,36.0,0.0,1.0,0.0,1,0.0,0,0.0,0.0,0.0,0.0,0.0,0,1.0,1.0,0.0,0.0,0.0,0,0.0,0.0,0.0,0.0,0,0.0,1,0.0,0.0,1.0,-6.08699999999999
1.9224659452984132,-18.8,40.0,0.0,1.0,0.0,0,0.0,0,0.0,0.0,1.0,0.0,0.0,0,1.0,1.0,0.0,0.0,0.0,0,0.0,1.0,0.0,0.0,0,0.0,0,0.0,0.0,0.0,0.0
2.299942900022767,-5.48,10.0,1.0,0.0,0.0,0,1.0,0,0.0,0.0,0.0,0.0,0.0,0,1.0,1.0,0.0,1.0,0.0,0,0.0,0.0,1.0,0.0,0,0.0,0,0.0,1.0,0.0,8.457044344411429
1.9513860948802928,-7.196261682,30.25,0.0,1.0,0.0,0,0.0,0,0.0,0.0,1.0,0.0,0.0,0,1.0,1.0,0.0,0.0,0.0,0,0.0,0.0,0.0,0.0,0,0.0,0,1.0,0.0,1.0,12.34090909090908
1.9513860948802928,-7.196261682,30.25,0.0,1.0,0.0,0,0.0,0,0.0,0.0,1.0,0.0,0.0,0,1.0,1.0,0.0,0.0,0.0,0,0.0,0.0,0.0,0.0,0,0.0,0,0.0,0.0,1.0,-5.65909090909092
2.089905111439398,-14.2,40.0,0.0,1.0,0.0,0,0.0,0,0.0,0.0,1.0,0.0,0.0,0,1.0,1.0,0.0,0.0,0.0,0,0.0,0.0,0.0,0.0,1,0.0,0,0.0,0.0,0.0,-33.33333333333333
2.093421685162235,-19.5,40.0,0.0,1.0,0.0,0,0.0,0,0.0,0.0,1.0,0.0,0.0,0,1.0,1.0,0.0,0.0,0.0,0,0.0,0.0,0.0,0.0,1,0.0,0,0.0,0.0,0.0,-33.33333333333333
2.106530853822381,-29.4,60.0,0.0,1.0,0.0,0,0.0,0,0.0,0.0,1.0,0.0,0.0,0,1.0,1.0,0.0,1.0,0.0,0,0.0,0.0,1.0,0.0,0,0.0,0,1.0,1.0,1.0,4.39448134900357
1.8536982117761744,-6.33,30.9,0.0,1.0,0.0,0,0.0,0,0.0,0.0,1.0,0.0,0.0,0,0.0,1.0,0.0,0.0,1.0,0,0.0,1.0,0.0,0.0,0,0.0,0,0.0,0.0,1.0,14.28571428571428
1.792391689498254,-4.535714286,30.0,0.0,1.0,0.0,0,0.0,0,0.0,0.0,1.0,0.0,0.0,0,0.0,1.0,0.0,0.0,1.0,0,0.0,1.0,0.0,0.0,0,0.0,0,0.0,0.0,0.0,-0.0131423314496
1.1271047983648077,-9.1,25.5,0.0,1.0,0.0,0,0.0,0,0.0,1.0,0.0,0.0,0.0,0,1.0,0.0,0.0,0.0,1.0,0,0.0,1.0,0.0,0.0,0,0.0,0,1.0,0.0,0.0,3.12409183376927
1.0417109663672588,-6.129032258,25.5,0.0,1.0,0.0,0,0.0,0,0.0,1.0,0.0,0.0,0.0,0,1.0,1.0,0.0,0.0,1.0,0,0.0,1.0,0.0,0.0,0,0.0,0,1.0,0.0,0.0,-3.1289353821563304
1.0738956495977583,-14.35483871,25.5,0.0,1.0,0.0,0,0.0,0,0.0,1.0,0.0,0.0,0.0,0,1.0,0.0,0.0,0.0,1.0,0,0.0,1.0,0.0,0.0,0,0.0,0,0.0,0.0,0.0,-9.372275501307751
2.3230457354817013,-38.54,4.0,0.0,1.0,0.0,0,0.0,0,1.0,0.0,0.0,0.0,0.0,0,1.0,1.0,1.0,0.0,0.0,0,0.0,0.0,0.0,0.0,0,0.0,0,1.0,0.0,0.0,-15.46911579326489
2.3230457354817013,-38.54,4.0,0.0,1.0,0.0,0,0.0,0,1.0,0.0,0.0,0.0,0.0,0,1.0,1.0,1.0,0.0,0.0,0,0.0,0.0,0.0,0.0,0,0.0,0,0.0,0.0,0.0,-16.65766252476138
1.611723308007342,-37.20930233,2.5,0.0,1.0,0.0,0,0.0,0,0.0,1.0,0.0,0.0,0.0,0,1.0,1.0,0.0,1.0,0.0,0,0.0,0.0,1.0,0.0,0,0.0,0,0.0,1.0,1.0,-9.08963585434173
1.515343893088381,-1.78,3.3333,1.0,0.0,0.0,0,0.0,0,0.0,0.0,0.0,1.0,0.0,0,1.0,1.0,1.0,0.0,0.0,0,0.0,0.0,0.0,0.0,0,0.0,0,0.0,0.0,0.0,5.73248407643314
2.241795431295199,-1.7,11.4,0.0,1.0,0.0,0,0.0,0,0.0,0.0,1.0,0.0,0.0,0,1.0,0.0,0.0,0.0,1.0,0,0.0,0.0,0.0,0.0,1,0.0,0,0.0,0.0,1.0,-10.52065115027579
2.03342375548695,-29.5,45.0,0.0,1.0,0.0,0,0.0,0,0.0,0.0,1.0,0.0,0.0,0,1.0,1.0,0.0,0.0,0.0,0,0.0,0.0,0.0,0.0,0,0.0,0,0.0,0.0,0.0,32.562547384382114
2.0,-27.3,45.0,0.0,1.0,0.0,0,0.0,0,0.0,0.0,1.0,0.0,0.0,0,1.0,1.0,0.0,0.0,0.0,0,0.0,0.0,0.0,0.0,0,0.0,0,0.0,0.0,0.0,-2.3123578468536703
2.0211892990699383,-28.1,45.0,0.0,1.0,0.0,0,0.0,0,0.0,0.0,1.0,0.0,0.0,0,1.0,1.0,0.0,0.0,0.0,0,0.0,0.0,0.0,0.0,0,0.0,0,0.0,0.0,0.0,27.899924184988627
2.03342375548695,-29.5,45.0,0.0,1.0,0.0,0,0.0,0,0.0,0.0,1.0,0.0,0.0,0,1.0,1.0,0.0,0.0,0.0,0,0.0,0.0,0.0,0.0,0,0.0,0,1.0,0.0,0.0,11.99772554965883
2.03342375548695,-29.5,45.0,0.0,1.0,0.0,0,0.0,0,0.0,0.0,1.0,0.0,0.0,0,1.0,1.0,0.0,0.0,0.0,0,0.0,0.0,0.0,0.0,0,0.0,0,1.0,0.0,0.0,33.53677028051554
2.0,-27.3,45.0,0.0,1.0,0.0,0,0.0,0,0.0,0.0,1.0,0.0,0.0,0,1.0,1.0,0.0,0.0,0.0,0,0.0,0.0,0.0,0.0,0,0.0,0,1.0,0.0,0.0,37.84685367702805
2.0211892990699383,-28.1,45.0,0.0,1.0,0.0,0,0.0,0,0.0,0.0,1.0,0.0,0.0,0,1.0,1.0,0.0,0.0,0.0,0,0.0,0.0,0.0,0.0,0,0.0,0,1.0,0.0,0.0,33.53677028051554
2.0211892990699383,-28.1,45.0,0.0,1.0,0.0,0,0.0,0,0.0,0.0,1.0,0.0,0.0,0,1.0,1.0,0.0,0.0,0.0,0,0.0,0.0,0.0,0.0,0,0.0,0,1.0,0.0,0.0,29.23047763457165
2.260619875172372,-19.5,40.0,0.0,1.0,0.0,0,0.0,0,0.0,0.0,1.0,0.0,0.0,0,1.0,0.0,0.0,0.0,1.0,0,0.0,0.0,0.0,1.0,0,0.0,0,0.0,0.0,1.0,-0.14544278321071
2.053462604925455,-16.4,20.0,0.0,1.0,0.0,0,0.0,0,0.0,0.0,1.0,0.0,0.0,0,1.0,1.0,1.0,0.0,0.0,0,0.0,0.0,0.0,0.0,0,0.0,0,0.0,0.0,0.0,4.9715909090908905
1.8573324964312683,-10.5,11.6,0.0,1.0,0.0,0,0.0,0,0.0,1.0,0.0,0.0,0.0,0,0.0,0.0,0.0,0.0,0.0,0,0.0,0.0,0.0,0.0,0,0.0,0,0.0,0.0,1.0,-6.0463290145269
1.8573324964312683,-10.5,6.0,0.0,1.0,0.0,0,0.0,0,0.0,1.0,0.0,0.0,0.0,0,0.0,0.0,0.0,0.0,0.0,0,0.0,0.0,0.0,0.0,0,0.0,0,1.0,0.0,0.0,0.0
2.539906103342456,-14.43,2.19,0.0,0.0,1.0,0,0.0,0,0.0,0.0,0.0,0.0,0.0,0,0.0,1.0,0.0,0.0,1.0,0,0.0,1.0,0.0,0.0,0,0.0,0,0.0,0.0,0.0,2.80162675101671
2.539906103342456,-14.43,2.19,0.0,0.0,1.0,0,0.0,0,0.0,0.0,0.0,0.0,0.0,0,0.0,1.0,0.0,0.0,1.0,0,0.0,1.0,0.0,0.0,0,0.0,0,1.0,0.0,0.0,-12.78807049254404
2.316997170689212,-11.53,4.0,1.0,0.0,0.0,0,0.0,0,0.0,0.0,0.0,1.0,0.0,0,1.0,1.0,0.0,1.0,0.0,0,0.0,0.0,1.0,0.0,0,0.0,0,1.0,1.0,0.0,2.75229357798163
2.316997170689212,-11.53,4.0,1.0,0.0,0.0,0,0.0,0,0.0,0.0,0.0,1.0,0.0,0,1.0,0.0,0.0,1.0,0.0,0,0.0,0.0,1.0,0.0,0,0.0,0,0.0,1.0,0.0,-5.04587155963303
2.361727836017593,-25.4,70.0,1.0,0.0,0.0,0,0.0,0,0.0,0.0,0.0,1.0,0.0,0,1.0,1.0,0.0,0.0,0.0,0,0.0,0.0,0.0,0.0,0,0.0,0,0.0,0.0,0.0,47.69921436588102
2.380211241711606,-22.8,70.0,1.0,0.0,0.0,0,0.0,0,0.0,0.0,0.0,1.0,0.0,1,0.0,1.0,0.0,0.0,0.0,0,0.0,0.0,0.0,0.0,0,0.0,0,0.0,0.0,0.0,19.753086419753078
2.322219294733919,-21.9,70.0,1.0,0.0,0.0,0,0.0,0,0.0,0.0,0.0,1.0,1.0,0,0.0,1.0,0.0,0.0,0.0,0,0.0,0.0,0.0,0.0,0,0.0,0,0.0,0.0,0.0,8.19304152637485
2.307496037913213,-21.0,16.259999999999998,0.0,1.0,0.0,0,0.0,0,0.0,0.0,1.0,0.0,0.0,0,1.0,1.0,0.0,0.0,0.0,1,0.0,0.0,0.0,0.0,0,0.0,1,0.0,0.0,1.0,3.13588850174217
2.3332456989619628,-19.1,2.08,1.0,0.0,0.0,0,1.0,0,0.0,0.0,0.0,0.0,0.0,0,1.0,1.0,0.0,0.0,1.0,0,1.0,0.0,0.0,0.0,0,0.0,0,1.0,0.0,0.0,-9.23344947735191
2.3332456989619628,-19.1,2.08,1.0,0.0,0.0,0,1.0,0,0.0,0.0,0.0,0.0,0.0,0,1.0,1.0,0.0,0.0,1.0,0,1.0,0.0,0.0,0.0,0,0.0,0,1.0,0.0,0.0,-2.00348432055749
2.3332456989619628,-19.1,2.08,1.0,0.0,0.0,0,1.0,0,0.0,0.0,0.0,0.0,0.0,0,1.0,1.0,0.0,0.0,1.0,0,1.0,0.0,0.0,0.0,0,0.0,0,1.0,0.0,0.0,4.11842105180959
1.1708482036433094,-30.2,25.0,1.0,0.0,0.0,0,1.0,0,0.0,0.0,0.0,0.0,1.0,0,0.0,0.0,0.0,0.0,1.0,0,0.0,0.0,0.0,1.0,0,0.0,0,0.0,0.0,0.0,6.32780082987551
1.1708482036433094,-30.2,25.0,1.0,0.0,0.0,0,1.0,0,0.0,0.0,0.0,0.0,1.0,0,0.0,0.0,0.0,0.0,1.0,0,0.0,0.0,0.0,1.0,0,0.0,0,1.0,0.0,0.0,-4.41093094455155
2.1428898054390424,-24.53,20.0,0.0,1.0,0.0,0,0.0,0,0.0,0.0,1.0,0.0,0.0,0,1.0,1.0,0.0,0.0,1.0,0,0.0,0.0,0.0,0.0,0,1.0,0,0.0,0.0,0.0,7.602078693392709
2.334312984758231,-31.63,20.0,0.0,0.0,1.0,0,0.0,0,0.0,0.0,0.0,0.0,0.0,0,1.0,0.0,0.0,0.0,1.0,0,0.0,0.0,0.0,0.0,0,1.0,0,0.0,0.0,0.0,1.9005196733481802
2.3246939138617746,-24.33,20.0,0.0,0.0,1.0,0,0.0,0,0.0,0.0,0.0,0.0,0.0,0,1.0,0.0,0.0,0.0,1.0,0,0.0,0.0,0.0,0.0,0,1.0,0,0.0,0.0,0.0,-5.70155902004454
2.3450402840195563,-34.13,20.0,0.0,0.0,1.0,0,0.0,0,0.0,0.0,0.0,0.0,0.0,0,1.0,0.0,0.0,0.0,1.0,0,0.0,0.0,0.0,0.0,0,1.0,0,0.0,0.0,0.0,23.414996288047497
1.9319661147281728,-25.9,10.0,0.0,1.0,0.0,0,0.0,0,1.0,0.0,0.0,0.0,0.0,0,1.0,1.0,0.0,1.0,0.0,0,0.0,0.0,1.0,0.0,0,0.0,0,0.0,1.0,0.0,-0.9264189117239899
2.0831441431430524,-31.3,15.0,0.0,1.0,0.0,0,0.0,0,0.0,0.0,1.0,0.0,0.0,0,1.0,0.0,0.0,0.0,1.0,0,0.0,0.0,0.0,1.0,0,0.0,0,0.0,0.0,0.0,3.5179468705552197
2.0831441431430524,-31.3,15.0,0.0,1.0,0.0,0,0.0,0,0.0,0.0,1.0,0.0,0.0,0,1.0,0.0,0.0,0.0,1.0,0,0.0,0.0,0.0,1.0,0,0.0,0,1.0,0.0,0.0,-6.5327975255119295
1.9084850188786495,-0.3,40.0,1.0,0.0,0.0,0,1.0,0,0.0,0.0,0.0,0.0,0.0,1,0.0,1.0,0.0,1.0,0.0,0,0.0,0.0,1.0,0.0,0,0.0,0,0.0,1.0,0.0,-2.97570414964524
2.023499381548012,-36.6,60.0,0.0,1.0,0.0,0,0.0,0,0.0,0.0,1.0,0.0,0.0,0,1.0,1.0,0.0,0.0,0.0,0,0.0,0.0,0.0,0.0,0,0.0,0,1.0,0.0,0.0,-1.84466019417477
2.0638210563437114,-9.8,60.0,0.0,1.0,0.0,0,0.0,0,0.0,0.0,1.0,0.0,0.0,0,1.0,0.0,0.0,0.0,0.0,0,0.0,0.0,0.0,0.0,0,0.0,0,1.0,0.0,0.0,7.08737864077668
2.0425755124401905,-19.69,75.0,0.0,1.0,0.0,0,0.0,0,0.0,0.0,1.0,0.0,0.0,0,1.0,1.0,0.0,1.0,0.0,0,0.0,0.0,1.0,0.0,0,0.0,0,0.0,1.0,0.0,-29.168437455730277
2.0425755124401905,-19.69,125.0,0.0,1.0,0.0,0,0.0,0,0.0,0.0,1.0,0.0,0.0,0,1.0,1.0,0.0,1.0,0.0,0,0.0,0.0,1.0,0.0,0,0.0,0,0.0,1.0,0.0,-33.34052887209929
2.0,0.0,0.5,0.0,1.0,0.0,0,0.0,0,1.0,0.0,0.0,0.0,0.0,0,1.0,1.0,0.0,1.0,0.0,0,0.0,0.0,1.0,0.0,0,0.0,0,0.0,1.0,0.0,-22.77872383051188
2.115277591395901,-42.3,1.0,0.0,1.0,0.0,0,0.0,0,0.0,0.0,1.0,0.0,0.0,0,1.0,1.0,0.0,0.0,0.0,0,0.0,0.0,0.0,0.0,0,0.0,0,0.0,0.0,0.0,24.74061084319743
2.1166077439882485,-46.0,1.0,0.0,1.0,0.0,0,0.0,0,0.0,0.0,1.0,0.0,0.0,0,1.0,1.0,0.0,0.0,0.0,0,0.0,0.0,0.0,0.0,0,0.0,0,0.0,0.0,0.0,21.65229675093769
2.2387484392812453,-16.7,44.3,0.0,1.0,0.0,0,0.0,0,0.0,0.0,1.0,0.0,0.0,0,1.0,0.0,0.0,1.0,0.0,0,0.0,0.0,1.0,0.0,0,0.0,0,0.0,0.0,1.0,14.06878887669227
3.382257189670756,-14.37,75.0,0.0,0.0,1.0,0,0.0,0,0.0,0.0,0.0,0.0,0.0,0,1.0,0.0,0.0,1.0,0.0,0,0.0,0.0,1.0,0.0,0,0.0,0,0.0,1.0,0.0,3.84615384615385
2.2938043599193367,-16.8,10.5,0.0,1.0,0.0,0,0.0,0,0.0,1.0,0.0,0.0,0.0,0,1.0,0.0,0.0,0.0,0.0,0,0.0,0.0,0.0,0.0,0,0.0,0,0.0,0.0,0.0,187.52808988764045
2.2837533833325265,-17.7,10.5,0.0,1.0,0.0,0,0.0,0,0.0,1.0,0.0,0.0,0.0,0,1.0,1.0,0.0,0.0,0.0,0,0.0,0.0,0.0,0.0,0,0.0,0,0.0,0.0,0.0,250.0561797752809
2.0791812460476247,-5.0,0.638297872,1.0,0.0,0.0,0,0.0,0,0.0,0.0,0.0,0.0,0.0,0,1.0,1.0,1.0,0.0,0.0,0,0.0,1.0,0.0,0.0,0,0.0,0,1.0,0.0,0.0,-3.33134149985061
2.184691430817599,-4.15,7.5,0.0,1.0,0.0,0,0.0,0,0.0,0.0,1.0,0.0,0.0,0,1.0,1.0,0.0,1.0,0.0,0,0.0,0.0,1.0,0.0,0,0.0,0,0.0,1.0,0.0,61.739943872778326
2.14921911265538,-23.1,5.0,0.0,1.0,0.0,0,0.0,0,0.0,0.0,1.0,0.0,0.0,0,1.0,1.0,0.0,0.0,1.0,0,0.0,0.0,0.0,0.0,1,0.0,0,0.0,0.0,0.0,2.30358504958048
2.170261715394957,-24.38547486,5.0,1.0,0.0,0.0,0,0.0,0,0.0,0.0,0.0,0.0,0.0,0,1.0,0.0,0.0,0.0,1.0,0,0.0,0.0,0.0,0.0,0,1.0,0,0.0,0.0,0.0,5.40540540540539
2.69196510276736,-0.7,8.0,0.0,1.0,0.0,0,0.0,0,0.0,0.0,1.0,0.0,0.0,1,0.0,1.0,0.0,0.0,1.0,0,0.0,0.0,0.0,0.0,0,0.0,0,0.0,0.0,0.0,-19.62596732588134
