logHD,ZP,AccumDose,PT_Inorganic,PT_Organic,MAT_Gold,MAT_Hybrid,MAT_Hydrogel,MAT_Inorganic others,MAT_Iron,MAT_Liposome,MAT_Organic others,MAT_Polymeric,MAT_Silica,Shape_Plate,Shape_Rod,Shape_Spherical,TS_Passive,TM_Allograft Orthotopic,TM_Healthy,TM_Xenograft Heterotopic,TM_Xenograft Orthotopic,Cancer_Freproductive,Cancer_GI tract,Cancer_Healthy,Cancer_Lung,Cancer_Mreproductive,Cancer_Others,Cancer_Skin,AT_YES,MM_healthy,CoDelivery_yes,AST%
2.287596560139327,17.422351885013658,226.76192509522676,1.0,0.0,0.0,0.0,0,0.0,0,0,0.0,0.0,0.0,1.0,0.0,0.0,1.0,0.0,0.0,0.0,0,1.0,0.0,0.0,0.0,0,0,0,0.0,0.0,1.0,6.874660477341743
2.291146761731885,17.4863388,224.0,1.0,0.0,0.0,0.0,0,0.0,0,0,0.0,0.0,1.0,1.0,0.0,0.0,1.0,0.0,0.0,0.0,0,1.0,0.0,0.0,0.0,0,0,0,1.0,0.0,1.0,10.598242566670065
2.2147476314933914,23.558606775255065,20.0,0.0,1.0,0.0,0.0,0,0.0,0,0,0.0,1.0,0.0,0.0,0.0,1.0,0.0,0.0,0.0,1.0,0,0.0,1.0,0.0,0.0,0,0,0,0.0,0.0,0.0,0.0
2.2951844257974963,16.99989526695942,222.7399884643481,1.0,0.0,0.0,0.0,0,0.0,0,0,0.0,0.0,0.0,0.0,0.0,0.0,0.0,0.0,0.0,0.0,0,1.0,0.0,0.0,0.0,0,0,0,1.0,0.0,1.0,7.549412986933547
2.5499836111596887,8.48,8.0,0.0,1.0,0.0,0.0,0,0.0,0,0,0.0,1.0,0.0,0.0,0.0,1.0,0.0,0.0,0.0,1.0,0,0.0,0.0,0.0,0.0,0,0,0,0.0,0.0,0.0,0.0
1.8820689444361485,8.02,119.7,0.0,1.0,0.0,0.0,0,0.0,0,0,1.0,0.0,0.0,0.0,0.0,1.0,0.0,0.0,0.0,1.0,0,0.0,0.0,0.0,0.0,0,0,0,0.0,0.0,0.0,20.514705882352935
2.5499836111596887,8.48,8.0,0.0,1.0,0.0,0.0,0,0.0,0,0,0.0,1.0,0.0,0.0,0.0,1.0,0.0,0.0,0.0,1.0,0,0.0,0.0,0.0,0.0,0,0,0,0.0,0.0,0.0,0.0
2.291146761731885,17.4863388,224.0,1.0,0.0,0.0,0.0,0,0.0,0,0,0.0,0.0,1.0,1.0,0.0,0.0,1.0,0.0,0.0,0.0,0,1.0,0.0,0.0,0.0,0,0,0,1.0,0.0,1.0,10.598242566670065
2.5499836111596887,8.48,8.0,0.0,1.0,0.0,0.0,0,0.0,0,0,0.0,1.0,0.0,0.0,0.0,1.0,0.0,0.0,0.0,1.0,0,0.0,0.0,0.0,0.0,0,0,0,0.0,0.0,0.0,0.0
1.8851480798523397,8.043915671793382,119.7,0.0,1.0,0.0,0.0,0,0.0,0,0,1.0,0.0,0.0,0.0,0.0,1.0,0.0,0.0,0.0,1.0,0,0.0,0.0,0.0,0.0,0,0,0,0.0,0.0,0.0,8.716871363930185
1.8820689444361485,8.02,119.7,0.0,1.0,0.0,0.0,0,0.0,0,0,1.0,0.0,0.0,0.0,0.0,1.0,0.0,0.0,0.0,1.0,0,0.0,0.0,0.0,0.0,0,0,0,0.0,0.0,0.0,13.67647058823529
2.127104798364808,3.45,7.5,0.0,1.0,0.0,0.0,0,0.0,0,0,0.0,1.0,0.0,0.0,0.0,1.0,1.0,0.0,1.0,0.0,0,0.0,0.0,1.0,0.0,0,0,0,0.0,1.0,0.0,6.5216810018271705
1.977723605288848,26.7,25.0,0.0,0.0,0.0,1.0,0,0.0,0,0,0.0,0.0,0.0,0.0,0.0,0.0,1.0,1.0,0.0,0.0,0,0.0,0.0,0.0,0.0,0,1,0,0.0,0.0,0.0,44.64566929133859
1.8820689444361485,8.02,119.7,0.0,1.0,0.0,0.0,0,0.0,0,0,1.0,0.0,0.0,0.0,0.0,1.0,0.0,0.0,0.0,1.0,0,0.0,0.0,0.0,0.0,0,0,0,0.0,0.0,0.0,13.67647058823529
2.291146761731885,17.4863388,224.0,1.0,0.0,0.0,0.0,0,0.0,0,0,0.0,0.0,1.0,1.0,0.0,0.0,1.0,0.0,0.0,0.0,0,1.0,0.0,0.0,0.0,0,0,0,1.0,0.0,1.0,7.06549504444671
1.9000939015433984,8.16,119.7,0.0,1.0,0.0,0.0,0,0.0,0,0,1.0,0.0,0.0,0.0,0.0,1.0,0.0,0.0,0.0,1.0,0,0.0,0.0,0.0,0.0,0,0,0,0.0,0.0,0.0,6.3970588235294095
2.291146761731885,17.4863388,224.0,1.0,0.0,0.0,0.0,0,0.0,0,0,0.0,0.0,1.0,1.0,0.0,0.0,1.0,0.0,0.0,0.0,0,1.0,0.0,0.0,0.0,0,0,0,1.0,0.0,1.0,7.06549504444671
2.291146761731885,17.4863388,224.0,1.0,0.0,0.0,0.0,0,0.0,0,0,0.0,0.0,1.0,1.0,0.0,0.0,1.0,0.0,0.0,0.0,0,1.0,0.0,0.0,0.0,0,0,0,1.0,0.0,1.0,7.06549504444671
2.2191780821472564,17.4,3.825,0.0,1.0,0.0,0.0,0,0.0,0,0,1.0,0.0,0.0,0.0,0.0,1.0,1.0,0.0,0.0,1.0,0,1.0,0.0,0.0,0.0,0,0,0,0.0,0.0,1.0,7.691727811840369
1.9618954736678504,21.1,4.5,1.0,0.0,0.0,0.0,0,0.0,1,0,0.0,0.0,0.0,0.0,0.0,1.0,1.0,0.0,0.0,0.0,0,0.0,0.0,0.0,0.0,0,0,0,0.0,0.0,1.0,3.95027368030429
2.2191780821472564,17.4,3.825,0.0,1.0,0.0,0.0,0,0.0,0,0,1.0,0.0,0.0,0.0,0.0,1.0,1.0,0.0,0.0,1.0,0,1.0,0.0,0.0,0.0,0,0,0,0.0,0.0,1.0,7.691727811840369
2.2191780821472564,17.4,3.825,0.0,1.0,0.0,0.0,0,0.0,0,0,1.0,0.0,0.0,0.0,0.0,1.0,1.0,0.0,0.0,1.0,0,1.0,0.0,0.0,0.0,0,0,0,0.0,0.0,1.0,7.691727811840369
2.1583624920952498,0.88,10.0,0.0,1.0,0.0,0.0,0,0.0,0,0,0.0,1.0,0.0,0.0,0.0,1.0,1.0,0.0,1.0,0.0,0,0.0,0.0,1.0,0.0,0,0,0,0.0,1.0,0.0,-2.0
2.103803720955957,4.8,25.0,0.0,0.0,0.0,1.0,0,0.0,0,0,0.0,0.0,0.0,0.0,0.0,0.0,1.0,1.0,0.0,0.0,0,0.0,0.0,0.0,0.0,0,1,0,0.0,0.0,0.0,13.25196850393701
1.977723605288848,26.7,25.0,0.0,0.0,0.0,1.0,0,0.0,0,0,0.0,0.0,0.0,0.0,0.0,0.0,1.0,1.0,0.0,0.0,0,0.0,0.0,0.0,0.0,0,1,0,0.0,0.0,0.0,44.64566929133859
1.977723605288848,26.7,25.0,0.0,0.0,0.0,1.0,0,0.0,0,0,0.0,0.0,0.0,0.0,0.0,0.0,1.0,1.0,0.0,0.0,0,0.0,0.0,0.0,0.0,0,1,0,0.0,0.0,0.0,44.64566929133859
2.2191780821472564,17.4,3.825,0.0,1.0,0.0,0.0,0,0.0,0,0,1.0,0.0,0.0,0.0,0.0,1.0,1.0,0.0,0.0,1.0,0,1.0,0.0,0.0,0.0,0,0,0,0.0,0.0,1.0,7.691727811840369
2.127104798364808,3.45,7.5,0.0,1.0,0.0,0.0,0,0.0,0,0,0.0,1.0,0.0,0.0,0.0,1.0,1.0,0.0,1.0,0.0,0,0.0,0.0,1.0,0.0,0,0,0,0.0,1.0,0.0,6.5216810018271705
1.8820689444361485,8.02,119.7,0.0,1.0,0.0,0.0,0,0.0,0,0,1.0,0.0,0.0,0.0,0.0,1.0,0.0,0.0,0.0,1.0,0,0.0,0.0,0.0,0.0,0,0,0,0.0,0.0,0.0,13.67647058823529
2.217668151286279,40.0,20.0,0.0,1.0,0.0,0.0,0,0.0,0,0,0.0,1.0,0.0,0.0,0.0,1.0,1.0,0.0,0.0,1.0,0,0.0,1.0,0.0,0.0,0,0,0,0.0,0.0,0.0,-27.51234511602455
1.8820689444361485,8.02,119.7,0.0,1.0,0.0,0.0,0,0.0,0,0,1.0,0.0,0.0,0.0,0.0,1.0,0.0,0.0,0.0,1.0,0,0.0,0.0,0.0,0.0,0,0,0,0.0,0.0,0.0,13.67647058823529
1.9000939015433984,8.16,119.7,0.0,1.0,0.0,0.0,0,0.0,0,0,1.0,0.0,0.0,0.0,0.0,1.0,0.0,0.0,0.0,1.0,0,0.0,0.0,0.0,0.0,0,0,0,0.0,0.0,0.0,6.3970588235294095
2.100370545117563,1.4,3.0,0.0,1.0,0.0,0.0,0,0.0,0,0,0.0,1.0,0.0,0.0,0.0,1.0,1.0,0.0,0.0,0.0,0,0.0,0.0,0.0,0.0,0,1,0,0.0,0.0,0.0,77.66031292636417
2.217668151286279,40.0,20.0,0.0,1.0,0.0,0.0,0,0.0,0,0,0.0,1.0,0.0,0.0,0.0,1.0,1.0,0.0,0.0,1.0,0,0.0,1.0,0.0,0.0,0,0,0,0.0,0.0,0.0,-27.51234511602455
1.0851271210697226,-13.79172937356271,23.663285419175466,0.0,1.0,0.0,0.0,0,0.0,0,0,1.0,0.0,0.0,0.0,0.0,1.0,0.0,0.0,0.0,0.0,0,0.0,0.0,0.0,0.0,0,0,0,0.0,0.0,0.0,37.79084390585477
1.1694392678342713,-29.96973463606768,25.007266109814786,0.0,0.0,0.0,0.0,0,0.0,0,0,0.0,0.0,0.0,0.0,0.0,0.0,0.0,0.0,0.0,1.0,0,0.0,0.0,0.0,0.0,0,0,0,0.0,0.0,0.0,38.14054607834333
1.0859527066527705,-14.637969100792393,27.27714121269102,0.0,0.0,0.0,0.0,0,0.0,0,0,0.0,0.0,0.0,0.0,0.0,0.0,0.0,0.0,0.0,0.0,0,0.0,1.0,0.0,0.0,0,0,0,0.0,0.0,0.0,35.74038980154049
1.0776801676883663,-14.858514180919991,25.71868096645226,0.0,1.0,0.0,0.0,0,0.0,0,0,1.0,0.0,0.0,0.0,0.0,1.0,0.0,0.0,0.0,0.0,0,0.0,1.0,0.0,0.0,0,0,0,0.0,0.0,0.0,37.436667658353336
1.0562446214062071,-14.501047864343706,27.05459326761544,0.0,1.0,0.0,0.0,0,0.0,0,0,0.0,0.0,0.0,0.0,0.0,1.0,0.0,0.0,0.0,0.0,0,0.0,1.0,0.0,0.0,0,0,0,0.0,0.0,0.0,37.136573100615074
1.065734756486738,-14.656831954807028,27.58905600256891,0.0,0.0,0.0,0.0,0,0.0,0,0,0.0,0.0,0.0,0.0,0.0,1.0,0.0,0.0,0.0,0.0,0,0.0,1.0,0.0,0.0,0,0,0,0.0,0.0,0.0,36.89538807432424
1.0748662420413735,-14.81956228443684,27.410318381735117,0.0,1.0,0.0,0.0,0,0.0,0,0,1.0,0.0,0.0,0.0,0.0,0.0,0.0,0.0,0.0,0.0,0,0.0,1.0,0.0,0.0,0,0,0,0.0,0.0,0.0,37.90587091821835
1.153023124620011,-30.75017211619006,27.701212650052547,1.0,0.0,0.0,0.0,0,1.0,0,0,0.0,0.0,0.0,0.0,0.0,0.0,0.0,0.0,0.0,1.0,0,0.0,0.0,0.0,0.0,0,0,0,1.0,0.0,0.0,37.28035223074768
1.1721654292289172,-29.868655471426028,21.577630256437168,0.0,0.0,0.0,0.0,0,0.0,0,0,0.0,0.0,0.0,1.0,0.0,0.0,0.0,0.0,0.0,0.0,0,0.0,0.0,0.0,0.0,0,0,0,1.0,0.0,0.0,39.1278447155269
1.1908701354832025,-29.291623708515125,19.65340262986144,0.0,0.0,0.0,0.0,0,1.0,0,0,0.0,0.0,0.0,1.0,0.0,0.0,0.0,0.0,0.0,0.0,0,0.0,0.0,0.0,1.0,0,0,0,0.0,0.0,0.0,38.48238778177314
1.1829782613818547,-30.525077172721296,18.843042950692297,1.0,0.0,0.0,0.0,0,1.0,0,0,0.0,0.0,0.0,1.0,0.0,0.0,0.0,0.0,0.0,0.0,0,0.0,0.0,0.0,0.0,0,0,0,0.0,0.0,0.0,37.076345522746664
1.1700200146323223,-30.064647315515465,25.004271104661143,0.0,0.0,0.0,0.0,0,0.0,0,0,0.0,0.0,0.0,0.0,0.0,0.0,0.0,0.0,0.0,1.0,0,0.0,0.0,0.0,0.0,0,0,0,0.0,0.0,0.0,38.14054607834333
1.133973864088852,-24.17354857275762,25.190166932256023,0.0,0.0,0.0,0.0,0,0.0,0,0,0.0,0.0,0.0,0.0,0.0,0.0,0.0,0.0,0.0,1.0,0,0.0,0.0,0.0,0.0,0,0,0,0.0,0.0,0.0,38.14054607834333
1.1638765837843292,-30.391259444076116,25.745768022661075,1.0,0.0,0.0,0.0,0,1.0,0,0,0.0,0.0,0.0,1.0,0.0,0.0,0.0,0.0,0.0,0.0,0,0.0,0.0,0.0,0.0,0,0,0,1.0,0.0,0.0,39.19567856538235
2.016169698861116,-36.36828536459187,68.37759696630334,0.0,1.0,0.0,0.0,0,0.0,0,0,0.0,0.0,0.0,0.0,0.0,0.0,1.0,0.0,0.0,0.0,0,0.0,0.0,0.0,0.0,0,0,0,0.0,0.0,0.0,38.51726826995177
2.0112197776204916,-36.79092849255684,58.093289219461276,0.0,1.0,0.0,0.0,0,0.0,0,0,0.0,1.0,0.0,0.0,0.0,0.0,0.0,0.0,0.0,0.0,0,0.0,0.0,0.0,0.0,0,0,0,0.0,0.0,0.0,41.278807833590186
2.037805979757713,-36.47967847225297,58.07937584119682,0.0,1.0,0.0,0.0,0,0.0,0,0,0.0,1.0,0.0,0.0,0.0,0.0,0.0,0.0,0.0,0.0,0,0.0,0.0,0.0,0.0,0,0,0,1.0,0.0,0.0,40.822786341540954
2.0090363304674654,-36.30966462285649,58.75565718992873,0.0,1.0,0.0,0.0,0,0.0,0,0,0.0,1.0,0.0,0.0,0.0,0.0,1.0,0.0,0.0,0.0,0,0.0,0.0,0.0,0.0,0,0,0,0.0,0.0,0.0,41.223040691107755
2.0323474951194016,-36.921850327976045,63.42463479096494,0.0,0.0,0.0,0.0,0,0.0,0,0,0.0,0.0,0.0,0.0,0.0,0.0,1.0,0.0,0.0,0.0,0,0.0,0.0,0.0,0.0,0,0,0,1.0,0.0,0.0,39.67348377928393
2.0383418949615035,-36.7868784388157,59.47578812226247,0.0,1.0,0.0,0.0,0,0.0,0,0,0.0,0.0,0.0,0.0,0.0,1.0,0.0,0.0,0.0,0.0,0,0.0,0.0,0.0,0.0,0,0,0,1.0,0.0,0.0,40.36137487604155
2.0195188867937075,-36.51213030596949,60.16415152668197,0.0,0.0,0.0,0.0,0,0.0,0,0,0.0,1.0,0.0,0.0,0.0,1.0,0.0,0.0,0.0,0.0,0,0.0,0.0,0.0,0.0,0,0,0,1.0,0.0,0.0,41.97831126718571
1.2306175619931112,-5.4242417353930525,21.484064906068223,0.0,1.0,0.0,0.0,0,0.0,0,0,0.0,0.0,0.0,0.0,0.0,1.0,1.0,0.0,0.0,0.0,0,0.0,0.0,0.0,0.0,0,0,0,0.0,0.0,0.0,59.59646303628539
2.205235432710034,-6.603541849480192,0.0,0.0,0.0,0.0,0.0,0,0.0,0,0,0.0,1.0,0.0,0.0,0.0,1.0,0.0,0.0,0.0,0.0,0,0.0,0.0,0.0,0.0,0,0,0,0.0,0.0,0.0,55.04585098176503
2.0197789362998435,-6.46933242560079,5.522878993618914,0.0,1.0,0.0,0.0,0,0.0,0,0,0.0,0.0,0.0,0.0,0.0,1.0,1.0,0.0,0.0,0.0,0,0.0,0.0,0.0,0.0,0,0,0,0.0,0.0,0.0,59.59646303628539
2.199809461783739,-6.271502637488175,3.3044974247042966,0.0,1.0,0.0,0.0,0,0.0,0,0,0.0,0.0,0.0,0.0,0.0,0.0,0.0,0.0,1.0,0.0,0,0.0,0.0,1.0,0.0,0,0,0,0.0,1.0,0.0,56.37323944712956
2.190086937480383,-6.960880698566928,0.0,0.0,1.0,0.0,0.0,0,0.0,0,0,0.0,1.0,0.0,0.0,0.0,0.0,1.0,0.0,0.0,0.0,0,0.0,0.0,0.0,0.0,0,0,0,0.0,0.0,0.0,56.39308183640285
1.5690345706766957,-5.872409216339348,14.639410609247319,0.0,1.0,0.0,0.0,0,0.0,0,0,0.0,0.0,0.0,0.0,0.0,1.0,1.0,0.0,0.0,0.0,0,0.0,0.0,0.0,0.0,0,0,0,0.0,0.0,0.0,59.59646303628539
2.191862360815804,-6.412302307684032,4.492358378499297,0.0,0.0,0.0,0.0,0,0.0,0,0,0.0,1.0,0.0,0.0,0.0,0.0,0.0,0.0,1.0,0.0,0,0.0,0.0,0.0,0.0,0,0,0,0.0,1.0,0.0,55.057479914080886
2.0407214509088702,-29.90245337882252,41.830884581807425,0.0,0.0,0.0,0.0,0,0.0,0,0,0.0,0.0,0.0,0.0,0.0,0.0,1.0,0.0,0.0,0.0,0,0.0,0.0,0.0,0.0,0,0,0,0.0,0.0,0.0,57.724026675979445
2.041883346524729,-23.969710302730423,42.8892024056223,0.0,1.0,0.0,0.0,0,0.0,0,0,0.0,1.0,0.0,0.0,0.0,1.0,1.0,0.0,0.0,0.0,0,0.0,0.0,0.0,0.0,0,0,0,0.0,0.0,0.0,58.087107538789
2.0388585623093936,-29.87009921344194,47.8056435728639,0.0,1.0,0.0,0.0,0,0.0,0,0,0.0,1.0,0.0,0.0,0.0,1.0,1.0,0.0,0.0,0.0,0,0.0,0.0,0.0,0.0,0,0,0,1.0,0.0,0.0,57.01488239521987
2.0274253480112763,-29.78608947988895,50.332296772829956,0.0,0.0,0.0,0.0,0,0.0,0,0,0.0,1.0,0.0,0.0,0.0,1.0,1.0,0.0,0.0,0.0,0,0.0,0.0,0.0,0.0,0,0,0,0.0,0.0,0.0,58.562497373360486
2.049101250724571,-29.131511422440777,50.01611574125833,0.0,1.0,0.0,0.0,0,0.0,0,0,0.0,0.0,0.0,0.0,0.0,0.0,0.0,0.0,0.0,0.0,0,0.0,0.0,0.0,0.0,0,0,0,1.0,0.0,0.0,57.86409044563305
2.0386627547112512,-30.20177913932193,40.79677277830518,0.0,1.0,0.0,0.0,0,0.0,0,0,0.0,0.0,0.0,0.0,0.0,0.0,0.0,0.0,0.0,0.0,0,0.0,0.0,0.0,0.0,0,0,0,0.0,0.0,0.0,57.93376607110968
2.0447168517082877,-22.117362541022374,42.18219944313831,0.0,1.0,0.0,0.0,0,0.0,0,0,0.0,1.0,0.0,0.0,0.0,1.0,1.0,0.0,0.0,0.0,0,0.0,0.0,0.0,0.0,0,0,0,0.0,0.0,0.0,58.087107538789
2.059406431898369,-16.58611737410567,37.36709778538532,0.0,0.0,0.0,0.0,0,0.0,0,0,0.0,0.0,0.0,0.0,0.0,1.0,1.0,1.0,0.0,0.0,0,0.0,0.0,0.0,0.0,0,0,0,0.0,0.0,0.0,58.04236145918714
2.0553251198062603,-16.175588615700274,40.42991886072503,0.0,0.0,0.0,0.0,0,0.0,0,0,0.0,1.0,0.0,0.0,0.0,1.0,0.0,0.0,0.0,0.0,0,0.0,0.0,0.0,0.0,0,0,0,0.0,0.0,0.0,59.2258485342637
2.052385868907719,-16.389667468693148,37.44830032692206,0.0,1.0,0.0,0.0,0,0.0,0,0,0.0,1.0,0.0,0.0,0.0,0.0,0.0,0.0,0.0,0.0,0,0.0,0.0,0.0,0.0,0,0,0,0.0,0.0,0.0,59.46205519423644
2.0394556363595195,-16.223362432178586,34.86198785579655,0.0,1.0,0.0,0.0,0,0.0,0,0,0.0,1.0,0.0,0.0,0.0,0.0,0.0,0.0,0.0,0.0,0,0.0,0.0,0.0,0.0,0,0,0,0.0,0.0,0.0,57.81976302330101
2.0803974295227357,-16.58332610374408,39.18051368796439,0.0,1.0,0.0,0.0,0,0.0,0,0,0.0,1.0,0.0,0.0,0.0,1.0,0.0,1.0,0.0,0.0,0,0.0,0.0,0.0,0.0,0,0,0,0.0,0.0,0.0,59.82399849272768
2.0364117009358575,-27.54668998083889,44.254461824747665,0.0,1.0,0.0,0.0,0,0.0,0,0,0.0,1.0,0.0,0.0,0.0,1.0,1.0,0.0,0.0,0.0,0,0.0,0.0,0.0,0.0,0,0,0,0.0,0.0,0.0,58.087107538789
2.067023758476176,-16.467252458480523,33.559824493540525,0.0,1.0,0.0,0.0,0,0.0,0,0,0.0,1.0,0.0,0.0,0.0,1.0,0.0,1.0,0.0,0.0,0,0.0,0.0,0.0,0.0,0,0,0,0.0,0.0,0.0,59.71224816974658
1.0259832112987692,-5.299873816593457,24.87688621873324,0.0,0.0,0.0,0.0,0,0.0,0,0,1.0,0.0,0.0,0.0,0.0,1.0,0.0,0.0,0.0,0.0,0,0.0,0.0,0.0,0.0,0,0,0,0.0,0.0,0.0,62.88289792989597
1.0542458415648688,-5.342190332873609,23.474772254029045,0.0,1.0,0.0,0.0,0,0.0,0,0,0.0,0.0,0.0,0.0,0.0,0.0,0.0,0.0,0.0,0.0,0,0.0,1.0,0.0,0.0,0,0,0,0.0,0.0,0.0,64.42745308236296
1.0242259691868612,-5.309931087315349,21.294294800960873,0.0,0.0,0.0,0.0,0,0.0,0,0,1.0,0.0,0.0,0.0,0.0,0.0,0.0,0.0,0.0,1.0,0,0.0,1.0,0.0,0.0,0,0,0,0.0,0.0,0.0,64.52750552796037
1.0301403648493483,-5.5389292436218085,28.216362739439564,0.0,0.0,0.0,0.0,0,0.0,0,0,1.0,0.0,0.0,0.0,0.0,0.0,0.0,0.0,0.0,1.0,0,0.0,0.0,0.0,0.0,0,0,0,0.0,0.0,0.0,64.96034288066609
1.8315153043013583,-13.957867741205867,36.849200773912386,0.0,1.0,0.0,0.0,0,0.0,0,0,0.0,0.0,0.0,0.0,0.0,1.0,1.0,0.0,0.0,0.0,0,0.0,0.0,0.0,0.0,0,0,0,0.0,0.0,0.0,61.463952165114854
1.0294535300873233,-5.227119436568572,38.647184498958495,0.0,0.0,0.0,0.0,0,0.0,0,0,0.0,0.0,0.0,0.0,0.0,0.0,0.0,0.0,0.0,1.0,0,0.0,0.0,0.0,0.0,0,0,0,0.0,0.0,0.0,63.544675661743746
1.0310306964535645,-5.427121896801707,26.546264601049366,0.0,1.0,0.0,0.0,0,0.0,0,0,0.0,0.0,0.0,0.0,0.0,1.0,1.0,0.0,0.0,1.0,0,0.0,0.0,0.0,0.0,0,0,0,0.0,0.0,0.0,63.453346375775276
2.3762360393025053,-22.254218748363037,63.36657712847184,0.0,0.0,0.0,0.0,0,0.0,0,0,0.0,0.0,0.0,0.0,0.0,0.0,0.0,0.0,0.0,0.0,0,0.0,0.0,0.0,0.0,0,0,0,0.0,0.0,0.0,63.59893426583417
2.3821302263302644,-23.05791312818484,67.15426596931503,0.0,0.0,0.0,0.0,0,0.0,0,0,0.0,0.0,1.0,0.0,1.0,0.0,0.0,0.0,0.0,0.0,0,0.0,0.0,0.0,0.0,0,0,0,0.0,0.0,0.0,65.10971172135342
2.3981305846902434,-23.144854393505174,67.53084618248076,0.0,0.0,0.0,0.0,0,0.0,0,0,0.0,0.0,1.0,0.0,1.0,0.0,0.0,0.0,0.0,0.0,0,0.0,0.0,0.0,0.0,0,0,0,0.0,0.0,0.0,66.06881579786716
2.367383751294434,-22.1599659860554,74.6112762603668,0.0,0.0,0.0,0.0,0,0.0,0,0,0.0,0.0,0.0,0.0,0.0,0.0,0.0,0.0,0.0,0.0,0,0.0,0.0,0.0,0.0,0,0,0,0.0,0.0,0.0,64.29427930324356
2.3870688582889668,-22.46775532046034,69.44869118421367,1.0,0.0,0.0,0.0,0,0.0,0,0,0.0,0.0,0.0,0.0,1.0,0.0,1.0,0.0,0.0,0.0,0,0.0,0.0,0.0,0.0,0,0,0,0.0,0.0,0.0,65.31485818710209
2.389197817634114,-22.596449795196698,68.74668422345307,1.0,0.0,0.0,0.0,0,0.0,0,0,0.0,0.0,1.0,0.0,0.0,0.0,1.0,0.0,0.0,0.0,0,0.0,0.0,0.0,0.0,0,0,0,0.0,0.0,0.0,65.21278571486657
2.375887348449644,-23.053246251324424,74.58791042124871,0.0,0.0,0.0,0.0,0,0.0,0,0,0.0,0.0,1.0,0.0,0.0,0.0,0.0,0.0,0.0,0.0,0,0.0,0.0,0.0,0.0,0,0,0,0.0,0.0,0.0,64.7700165476056
1.8389065060348264,-62.02776031906406,0.4537254980780999,1.0,0.0,0.0,0.0,0,0.0,0,0,0.0,0.0,0.0,0.0,1.0,0.0,0.0,0.0,0.0,1.0,0,0.0,1.0,0.0,0.0,0,0,0,0.0,0.0,0.0,128.0813087251695
1.82833363093765,-61.41908632695356,0.0,0.0,0.0,1.0,0.0,0,0.0,0,0,0.0,0.0,0.0,0.0,1.0,0.0,0.0,0.0,0.0,0.0,0,0.0,1.0,0.0,0.0,0,0,0,0.0,0.0,0.0,126.70911195364425
1.8356905714924256,-61.6,1.0,1.0,0.0,1.0,0.0,0,0.0,0,0,0.0,0.0,0.0,0.0,1.0,0.0,0.0,0.0,0.0,1.0,0,0.0,1.0,0.0,0.0,0,0,0,0.0,0.0,0.0,139.5894214351106
1.8202399035432049,-61.8585838961522,3.556714246773723,1.0,0.0,1.0,0.0,0,0.0,0,0,0.0,0.0,0.0,0.0,0.0,0.0,0.0,0.0,0.0,0.0,0,0.0,1.0,0.0,0.0,0,0,0,0.0,0.0,0.0,127.31728094125388
1.8414760412512472,-61.75559349719667,0.5712617405154281,0.0,0.0,1.0,0.0,0,0.0,0,0,0.0,0.0,0.0,0.0,0.0,0.0,0.0,0.0,0.0,1.0,0,0.0,1.0,0.0,0.0,0,0,0,0.0,0.0,0.0,126.18413131463865
1.8496634796151923,-61.71518399045704,0.0,0.0,0.0,1.0,0.0,0,0.0,0,0,0.0,0.0,0.0,0.0,1.0,0.0,0.0,0.0,0.0,1.0,0,0.0,1.0,0.0,0.0,0,0,0,0.0,0.0,0.0,126.05731387604918
1.8396165241758053,-62.149331200458256,0.0,1.0,0.0,1.0,0.0,0,0.0,0,0,0.0,0.0,0.0,0.0,1.0,0.0,0.0,0.0,0.0,1.0,0,0.0,0.0,0.0,0.0,0,0,0,0.0,0.0,0.0,128.26871917783336
2.8275720609461157,-8.483269116039965,801.88503680613,0.0,0.0,0.0,1.0,0,0.0,0,0,0.0,0.0,0.0,0.0,0.0,0.0,0.0,1.0,0.0,0.0,0,0.0,0.0,0.0,0.0,0,0,0,0.0,0.0,0.0,137.82317919984862
2.835917029628422,-8.898242213476072,797.4556153803837,0.0,0.0,0.0,1.0,0,0.0,0,0,0.0,0.0,0.0,0.0,0.0,0.0,0.0,0.0,0.0,0.0,0,0.0,0.0,0.0,0.0,0,0,0,0.0,0.0,0.0,138.77243133583815
2.8412580856821648,-9.283733483140907,793.7049564893709,0.0,0.0,0.0,1.0,0,0.0,0,0,0.0,0.0,0.0,0.0,0.0,0.0,0.0,1.0,0.0,0.0,0,0.0,0.0,0.0,0.0,0,0,0,0.0,0.0,0.0,137.55579360085994
2.8412178460415034,-9.197383242079404,796.4185420205233,0.0,0.0,0.0,1.0,0,0.0,0,0,0.0,0.0,0.0,0.0,0.0,0.0,0.0,0.0,0.0,0.0,0,0.0,0.0,0.0,0.0,0,0,0,0.0,0.0,0.0,138.34518951967237
2.839658107649081,-8.580583486620021,800.6561690700523,0.0,0.0,0.0,1.0,0,0.0,0,0,0.0,0.0,0.0,0.0,0.0,0.0,0.0,1.0,0.0,0.0,0,0.0,0.0,0.0,0.0,0,0,0,0.0,0.0,0.0,138.15975444090392
2.840761793538521,-9.121750069211863,797.7693136687449,0.0,0.0,0.0,0.0,0,0.0,0,0,0.0,0.0,0.0,0.0,0.0,1.0,0.0,1.0,0.0,0.0,0,0.0,0.0,0.0,0.0,0,0,0,0.0,0.0,0.0,138.04206556445223
2.823085089165517,-8.528405078755103,805.002127037959,0.0,0.0,0.0,1.0,0,0.0,0,0,0.0,0.0,0.0,0.0,0.0,1.0,0.0,0.0,0.0,0.0,0,0.0,0.0,0.0,0.0,0,0,0,0.0,0.0,0.0,139.95342857701928
2.24709569748689,-19.539262465970523,45.309863195048806,0.0,0.0,0.0,0.0,0,0.0,0,0,0.0,1.0,0.0,0.0,0.0,0.0,0.0,0.0,0.0,0.0,0,0.0,0.0,0.0,0.0,0,0,0,0.0,0.0,1.0,143.5194722815367
2.2573967288934247,-19.687370156308354,41.402887043384375,0.0,0.0,0.0,0.0,0,0.0,0,0,0.0,1.0,0.0,0.0,0.0,1.0,0.0,0.0,0.0,0.0,0,0.0,0.0,0.0,0.0,0,0,0,0.0,0.0,1.0,144.58991510435982
2.248497280899089,-19.946778521300843,39.38890512915362,0.0,0.0,0.0,0.0,0,0.0,0,0,0.0,1.0,0.0,0.0,0.0,1.0,0.0,0.0,0.0,1.0,0,0.0,0.0,0.0,1.0,0,0,0,0.0,0.0,1.0,144.8919780617364
2.255289785079155,-19.112271772696953,38.54697679156985,0.0,0.0,0.0,0.0,0,0.0,0,0,0.0,1.0,0.0,0.0,0.0,1.0,0.0,0.0,0.0,1.0,0,0.0,0.0,0.0,1.0,0,0,0,0.0,0.0,0.0,142.91180783839454
2.257186749171989,-19.288522817971867,33.55494765792731,0.0,1.0,0.0,0.0,0,0.0,0,0,0.0,1.0,0.0,0.0,0.0,0.0,0.0,0.0,0.0,1.0,0,0.0,0.0,0.0,1.0,0,0,0,0.0,0.0,0.0,144.28132194979221
2.2579218603004314,-19.482339439652012,39.12507702265322,0.0,0.0,0.0,0.0,0,0.0,0,0,0.0,1.0,0.0,0.0,0.0,1.0,0.0,0.0,0.0,0.0,0,0.0,0.0,0.0,1.0,0,0,0,0.0,0.0,0.0,144.70782357874563
2.2571371041571027,-19.61669653068038,49.44003754309897,0.0,1.0,0.0,0.0,0,0.0,0,0,0.0,0.0,0.0,0.0,0.0,0.0,0.0,0.0,0.0,0.0,0,0.0,0.0,0.0,0.0,0,0,0,0.0,0.0,1.0,144.6612092057565
1.8190338179875922,-61.806015940420835,3.42114203037998,0.0,0.0,0.0,0.0,0,0.0,0,0,0.0,0.0,0.0,0.0,0.0,0.0,0.0,0.0,0.0,1.0,0,0.0,1.0,0.0,0.0,0,0,0,1.0,0.0,0.0,153.84606271485563
1.8423045419187976,-61.35431661698906,4.972207538234812,1.0,0.0,1.0,0.0,0,0.0,0,0,0.0,0.0,0.0,0.0,1.0,0.0,0.0,0.0,0.0,0.0,0,0.0,0.0,0.0,0.0,0,0,0,0.0,0.0,0.0,153.23618347529586
1.8335568219627942,-60.99276055637904,12.160975924265388,0.0,0.0,0.0,0.0,0,0.0,0,0,0.0,0.0,0.0,0.0,1.0,0.0,0.0,0.0,0.0,0.0,0,0.0,0.0,0.0,0.0,0,0,0,0.0,0.0,0.0,153.75000822803275
1.825964565428423,-60.948978817462844,4.036938917126173,1.0,0.0,0.0,0.0,0,0.0,0,0,0.0,0.0,0.0,0.0,1.0,0.0,0.0,0.0,0.0,0.0,0,0.0,0.0,0.0,0.0,0,0,0,1.0,0.0,0.0,154.8779607596319
1.8381394581095059,-61.86568392796376,3.52321197871214,0.0,0.0,1.0,0.0,0,0.0,0,0,0.0,0.0,0.0,0.0,1.0,0.0,0.0,0.0,0.0,0.0,0,0.0,1.0,0.0,0.0,0,0,0,0.0,0.0,0.0,154.23391913198262
1.836192973506759,-61.726048651854924,0.0,0.0,0.0,1.0,0.0,0,0.0,0,0,0.0,0.0,0.0,0.0,0.0,0.0,0.0,0.0,0.0,1.0,0,0.0,1.0,0.0,0.0,0,0,0,1.0,0.0,0.0,154.95228548754253
1.8423553145624374,-62.012433270140924,0.0,0.0,0.0,1.0,0.0,0,0.0,0,0,0.0,0.0,0.0,0.0,1.0,0.0,0.0,0.0,0.0,0.0,0,0.0,0.0,0.0,0.0,0,0,0,0.0,0.0,0.0,153.00801914872113
2.0421456950054235,-23.798205191738486,42.82374243959484,0.0,1.0,0.0,0.0,0,0.0,0,0,0.0,1.0,0.0,0.0,0.0,1.0,1.0,0.0,0.0,0.0,0,0.0,0.0,0.0,0.0,0,0,0,0.0,0.0,0.0,58.087107538789
2.0091407609861256,-36.87664802500148,69.13311804556238,0.0,0.0,0.0,0.0,0,0.0,0,0,0.0,0.0,0.0,0.0,0.0,1.0,0.0,0.0,0.0,0.0,0,0.0,0.0,0.0,0.0,0,0,0,0.0,0.0,0.0,39.82639931504681
1.942652811693212,-11.7,102.32,0.0,1.0,0.0,0.0,0,0.0,0,0,1.0,0.0,0.0,0.0,0.0,1.0,0.0,0.0,0.0,0.0,0,0.0,0.0,0.0,0.0,0,0,0,0.0,0.0,0.0,1.9269102990033302
1.942652811693212,-11.7,204.64,0.0,1.0,0.0,0.0,0,0.0,0,0,1.0,0.0,0.0,0.0,0.0,1.0,0.0,0.0,0.0,0.0,0,0.0,0.0,0.0,0.0,0,0,0,0.0,0.0,0.0,1.59468438538206
2.2884728005997825,-26.7,80.0,1.0,0.0,0.0,0.0,0,0.0,0,0,0.0,0.0,1.0,0.0,0.0,1.0,1.0,0.0,0.0,1.0,0,0.0,1.0,0.0,0.0,0,0,0,0.0,0.0,0.0,16.0381359030225
1.8591382972945307,-52.4,75.0,0.0,0.0,0.0,1.0,0,0.0,0,0,0.0,0.0,0.0,0.0,0.0,1.0,0.0,0.0,1.0,0.0,0,0.0,0.0,1.0,0.0,0,0,0,1.0,1.0,1.0,1.9931305689681
2.106190897263416,-5.454545455,168.0,0.0,1.0,0.0,0.0,0,0.0,0,1,0.0,0.0,0.0,0.0,0.0,1.0,0.0,0.0,0.0,0.0,1,0.0,0.0,0.0,0.0,0,0,0,0.0,0.0,1.0,-8.21217391304348
1.9339931638312424,-13.81,500.0,0.0,1.0,0.0,0.0,0,0.0,0,0,0.0,1.0,0.0,0.0,0.0,1.0,1.0,0.0,0.0,1.0,0,0.0,0.0,0.0,0.0,0,0,0,0.0,0.0,0.0,-5.72901672380852
2.236537261488694,-23.9,24.0,0.0,1.0,0.0,0.0,1,0.0,0,0,0.0,0.0,0.0,0.0,0.0,1.0,1.0,0.0,0.0,0.0,0,0.0,0.0,0.0,0.0,0,0,1,0.0,0.0,1.0,4.70600000000001
2.236537261488694,-23.9,36.0,0.0,1.0,0.0,0.0,1,0.0,0,0,0.0,0.0,0.0,0.0,0.0,1.0,1.0,0.0,0.0,0.0,0,0.0,0.0,0.0,0.0,0,0,1,0.0,0.0,1.0,5.50699999999999
2.236537261488694,-23.9,60.0,0.0,1.0,0.0,0.0,1,0.0,0,0,0.0,0.0,0.0,0.0,0.0,1.0,1.0,0.0,0.0,0.0,0,0.0,0.0,0.0,0.0,0,0,1,0.0,0.0,1.0,-1.1759999999999902
1.9224659452984132,-18.8,40.0,0.0,1.0,0.0,0.0,0,0.0,0,0,0.0,1.0,0.0,0.0,0.0,1.0,1.0,0.0,0.0,0.0,0,0.0,1.0,0.0,0.0,0,0,0,0.0,0.0,0.0,7.04200654647477
1.9971241556592043,-19.9,40.0,0.0,1.0,0.0,0.0,0,0.0,0,0,0.0,1.0,0.0,0.0,0.0,1.0,1.0,0.0,0.0,0.0,0,0.0,1.0,0.0,0.0,0,0,0,0.0,0.0,0.0,-4.22533381825739
1.8356905714924256,-61.6,1.0,1.0,0.0,1.0,0.0,0,0.0,0,0,0.0,0.0,0.0,0.0,1.0,0.0,0.0,0.0,0.0,1.0,0,0.0,1.0,0.0,0.0,0,0,0,1.0,0.0,0.0,154.545
1.8356905714924256,-61.6,1.0,1.0,0.0,1.0,0.0,0,0.0,0,0,0.0,0.0,0.0,0.0,1.0,0.0,0.0,0.0,0.0,1.0,0,0.0,1.0,0.0,0.0,0,0,0,0.0,0.0,0.0,127.273
1.421603926869831,-11.1,20.0,0.0,1.0,0.0,0.0,0,0.0,0,0,0.0,0.0,0.0,0.0,0.0,1.0,1.0,0.0,0.0,1.0,0,0.0,1.0,0.0,0.0,0,0,0,0.0,0.0,0.0,5.71535510433236
1.287801729930226,-8.1,10.0,0.0,1.0,0.0,0.0,0,0.0,0,0,0.0,0.0,0.0,0.0,0.0,1.0,1.0,0.0,0.0,1.0,0,0.0,1.0,0.0,0.0,0,0,0,0.0,0.0,0.0,-11.42883877608309
2.299942900022767,-5.48,10.0,1.0,0.0,0.0,0.0,0,1.0,0,0,0.0,0.0,0.0,0.0,0.0,1.0,1.0,0.0,1.0,0.0,0,0.0,0.0,1.0,0.0,0,0,0,0.0,1.0,0.0,7.35299999999998
1.9513860948802928,-7.196261682,30.25,0.0,1.0,0.0,0.0,0,0.0,0,0,0.0,1.0,0.0,0.0,0.0,1.0,1.0,0.0,0.0,0.0,0,0.0,0.0,0.0,0.0,0,0,0,1.0,0.0,1.0,-24.99981249953125
1.9513860948802928,-7.196261682,30.25,0.0,1.0,0.0,0.0,0,0.0,0,0,0.0,1.0,0.0,0.0,0.0,1.0,1.0,0.0,0.0,0.0,0,0.0,0.0,0.0,0.0,0,0,0,0.0,0.0,1.0,4.16701041752605
2.235023159495224,-5.4,6.0,0.0,1.0,0.0,0.0,0,0.0,0,0,0.0,1.0,0.0,0.0,0.0,1.0,1.0,0.0,1.0,0.0,0,0.0,0.0,1.0,0.0,0,0,0,1.0,1.0,1.0,-9.43394304024779
2.235023159495224,-5.4,6.0,0.0,1.0,0.0,0.0,0,0.0,0,0,0.0,1.0,0.0,0.0,0.0,1.0,1.0,0.0,1.0,0.0,0,0.0,0.0,1.0,0.0,0,0,0,0.0,1.0,1.0,1.62782366556315
2.193958978019187,-6.7,2.0,0.0,1.0,0.0,0.0,0,0.0,0,0,0.0,1.0,0.0,0.0,0.0,1.0,1.0,0.0,1.0,0.0,0,0.0,0.0,1.0,0.0,0,0,0,0.0,1.0,0.0,55.80991046470667
2.2187979981117376,-7.8,4.0,0.0,1.0,0.0,0.0,0,0.0,0,0,0.0,1.0,0.0,0.0,0.0,1.0,1.0,0.0,1.0,0.0,0,0.0,0.0,1.0,0.0,0,0,0,1.0,1.0,0.0,-21.35578738754225
3.0,-28.30769231,0.0625,1.0,0.0,0.0,0.0,0,1.0,0,0,0.0,0.0,0.0,0.0,0.0,1.0,1.0,0.0,0.0,1.0,0,0.0,0.0,0.0,0.0,0,0,1,0.0,0.0,0.0,0.9347663614289501
2.089905111439398,-14.2,40.0,0.0,1.0,0.0,0.0,0,0.0,0,0,0.0,1.0,0.0,0.0,0.0,1.0,1.0,0.0,0.0,0.0,0,0.0,0.0,0.0,0.0,1,0,0,0.0,0.0,0.0,-13.298055341666801
2.0644579892269186,-14.8,40.0,0.0,1.0,0.0,0.0,0,0.0,0,0,0.0,1.0,0.0,0.0,0.0,1.0,1.0,0.0,0.0,0.0,0,0.0,0.0,0.0,0.0,1,0,0,0.0,0.0,0.0,-34.57461622896836
2.093421685162235,-19.5,40.0,0.0,1.0,0.0,0.0,0,0.0,0,0,0.0,1.0,0.0,0.0,0.0,1.0,1.0,0.0,0.0,0.0,0,0.0,0.0,0.0,0.0,1,0,0,0.0,0.0,0.0,10.106107024470699
2.106530853822381,-29.4,60.0,0.0,1.0,0.0,0.0,0,0.0,0,0,0.0,1.0,0.0,0.0,0.0,1.0,1.0,0.0,1.0,0.0,0,0.0,0.0,1.0,0.0,0,0,0,1.0,1.0,1.0,3.0310060227526097
2.106530853822381,-29.4,60.0,0.0,1.0,0.0,0.0,0,0.0,0,0,0.0,1.0,0.0,0.0,0.0,1.0,1.0,0.0,1.0,0.0,0,0.0,0.0,1.0,0.0,0,0,0,0.0,1.0,1.0,2.02096810171759
1.8536982117761744,-6.33,30.9,0.0,1.0,0.0,0.0,0,0.0,0,0,0.0,1.0,0.0,0.0,0.0,0.0,1.0,0.0,0.0,1.0,0,0.0,1.0,0.0,0.0,0,0,0,0.0,0.0,1.0,-17.04512190022163
1.792391689498254,-4.535714286,30.0,0.0,1.0,0.0,0.0,0,0.0,0,0,0.0,1.0,0.0,0.0,0.0,0.0,1.0,0.0,0.0,1.0,0,0.0,1.0,0.0,0.0,0,0,0,0.0,0.0,0.0,-10.22717768577761
1.0417109663672588,-6.129032258,25.5,0.0,1.0,0.0,0.0,0,0.0,0,0,1.0,0.0,0.0,0.0,0.0,1.0,1.0,0.0,0.0,1.0,0,0.0,1.0,0.0,0.0,0,0,0,1.0,0.0,0.0,26.22924841055027
1.0738956495977583,-14.35483871,25.5,0.0,1.0,0.0,0.0,0,0.0,0,0,1.0,0.0,0.0,0.0,0.0,1.0,0.0,0.0,0.0,1.0,0,0.0,1.0,0.0,0.0,0,0,0,0.0,0.0,0.0,37.704346503210616
1.032059580447271,-5.161290323,25.5,0.0,1.0,0.0,0.0,0,0.0,0,0,1.0,0.0,0.0,0.0,0.0,1.0,1.0,0.0,0.0,1.0,0,0.0,1.0,0.0,0.0,0,0,0,0.0,0.0,0.0,63.9342287920182
2.1048284036536558,-22.81690141,60.0,0.0,1.0,0.0,0.0,0,0.0,0,0,0.0,1.0,0.0,0.0,0.0,1.0,1.0,0.0,0.0,1.0,0,0.0,0.0,0.0,1.0,0,0,0,0.0,0.0,0.0,-24.0
2.3230457354817013,-38.54,4.0,0.0,1.0,0.0,0.0,0,0.0,0,1,0.0,0.0,0.0,0.0,0.0,1.0,1.0,1.0,0.0,0.0,0,0.0,0.0,0.0,0.0,0,0,0,1.0,0.0,0.0,-15.463756332478571
2.3230457354817013,-38.54,4.0,0.0,1.0,0.0,0.0,0,0.0,0,1,0.0,0.0,0.0,0.0,0.0,1.0,1.0,1.0,0.0,0.0,0,0.0,0.0,0.0,0.0,0,0,0,0.0,0.0,0.0,-1.03070861217086
2.205479452180972,-24.3,1.5750000000000002,0.0,1.0,0.0,0.0,0,0.0,0,0,1.0,0.0,0.0,0.0,0.0,1.0,1.0,0.0,0.0,1.0,0,1.0,0.0,0.0,0.0,0,0,0,0.0,0.0,0.0,7.691727811840369
1.611723308007342,-37.20930233,2.5,0.0,1.0,0.0,0.0,0,0.0,0,0,1.0,0.0,0.0,0.0,0.0,1.0,1.0,0.0,1.0,0.0,0,0.0,0.0,1.0,0.0,0,0,0,0.0,1.0,1.0,-17.88593965193439
1.515343893088381,-1.78,3.3333,1.0,0.0,0.0,0.0,0,0.0,0,0,0.0,0.0,1.0,0.0,0.0,1.0,1.0,1.0,0.0,0.0,0,0.0,0.0,0.0,0.0,0,0,0,0.0,0.0,0.0,-6.20884557209628
2.241795431295199,-1.7,11.4,0.0,1.0,0.0,0.0,0,0.0,0,0,0.0,1.0,0.0,0.0,0.0,1.0,0.0,0.0,0.0,1.0,0,0.0,0.0,0.0,0.0,1,0,0,0.0,0.0,1.0,-0.51255726407976
2.03342375548695,-29.5,45.0,0.0,1.0,0.0,0.0,0,0.0,0,0,0.0,1.0,0.0,0.0,0.0,1.0,1.0,0.0,0.0,0.0,0,0.0,0.0,0.0,0.0,0,0,0,0.0,0.0,0.0,-4.38933828404721
2.0,-27.3,45.0,0.0,1.0,0.0,0.0,0,0.0,0,0,0.0,1.0,0.0,0.0,0.0,1.0,1.0,0.0,0.0,0.0,0,0.0,0.0,0.0,0.0,0,0,0,0.0,0.0,0.0,-7.68465720726694
2.0211892990699383,-28.1,45.0,0.0,1.0,0.0,0.0,0,0.0,0,0,0.0,1.0,0.0,0.0,0.0,1.0,1.0,0.0,0.0,0.0,0,0.0,0.0,0.0,0.0,0,0,0,0.0,0.0,0.0,-1.09401936082748
2.03342375548695,-29.5,45.0,0.0,1.0,0.0,0.0,0,0.0,0,0,0.0,1.0,0.0,0.0,0.0,1.0,1.0,0.0,0.0,0.0,0,0.0,0.0,0.0,0.0,0,0,0,1.0,0.0,0.0,57.03620209521285
2.03342375548695,-29.5,45.0,0.0,1.0,0.0,0.0,0,0.0,0,0,0.0,1.0,0.0,0.0,0.0,1.0,1.0,0.0,0.0,0.0,0,0.0,0.0,0.0,0.0,0,0,0,1.0,0.0,0.0,-3.68452459885956
2.0,-27.3,45.0,0.0,1.0,0.0,0.0,0,0.0,0,0,0.0,1.0,0.0,0.0,0.0,1.0,1.0,0.0,0.0,0.0,0,0.0,0.0,0.0,0.0,0,0,0,1.0,0.0,0.0,-1.5906378464394602
2.0,-27.3,45.0,0.0,1.0,0.0,0.0,0,0.0,0,0,0.0,1.0,0.0,0.0,0.0,1.0,1.0,0.0,0.0,0.0,0,0.0,0.0,0.0,0.0,0,0,0,1.0,0.0,0.0,2.59713565840074
2.0211892990699383,-28.1,45.0,0.0,1.0,0.0,0.0,0,0.0,0,0,0.0,1.0,0.0,0.0,0.0,1.0,1.0,0.0,0.0,0.0,0,0.0,0.0,0.0,0.0,0,0,0,1.0,0.0,0.0,36.09799761304868
2.0211892990699383,-28.1,45.0,0.0,1.0,0.0,0.0,0,0.0,0,0,0.0,1.0,0.0,0.0,0.0,1.0,1.0,0.0,0.0,0.0,0,0.0,0.0,0.0,0.0,0,0,0,1.0,0.0,0.0,0.50324890598065
2.8382192219076257,-9.1,800.0,0.0,0.0,0.0,1.0,0,0.0,0,0,0.0,0.0,0.0,0.0,0.0,1.0,0.0,1.0,0.0,0.0,0,0.0,0.0,0.0,0.0,0,0,0,0.0,0.0,0.0,138.46153846153845
2.260619875172372,-19.5,40.0,0.0,1.0,0.0,0.0,0,0.0,0,0,0.0,1.0,0.0,0.0,0.0,1.0,0.0,0.0,0.0,1.0,0,0.0,0.0,0.0,1.0,0,0,0,0.0,0.0,1.0,144.44897127724587
2.053462604925455,-16.4,20.0,0.0,1.0,0.0,0.0,0,0.0,0,0,0.0,1.0,0.0,0.0,0.0,1.0,1.0,1.0,0.0,0.0,0,0.0,0.0,0.0,0.0,0,0,0,0.0,0.0,0.0,4.76064533192277
2.053462604925455,-16.4,40.0,0.0,1.0,0.0,0.0,0,0.0,0,0,0.0,1.0,0.0,0.0,0.0,1.0,1.0,1.0,0.0,0.0,0,0.0,0.0,0.0,0.0,0,0,0,0.0,0.0,0.0,59.17746627876224
2.133538908370217,-4.0,10.0,0.0,1.0,0.0,0.0,0,0.0,0,0,0.0,1.0,0.0,0.0,0.0,1.0,1.0,0.0,1.0,0.0,0,0.0,0.0,1.0,0.0,0,0,0,0.0,1.0,0.0,-19.09999999999999
1.968482948553935,-31.0,16.19,0.0,1.0,0.0,0.0,0,0.0,0,0,0.0,1.0,0.0,0.0,0.0,1.0,1.0,0.0,0.0,1.0,0,1.0,0.0,0.0,0.0,0,0,0,0.0,0.0,1.0,0.0
1.8573324964312683,-10.5,11.6,0.0,1.0,0.0,0.0,0,0.0,0,0,1.0,0.0,0.0,0.0,0.0,0.0,0.0,0.0,0.0,0.0,0,0.0,0.0,0.0,0.0,0,0,0,0.0,0.0,1.0,-4.49701919917383
1.8573324964312683,-10.5,6.0,0.0,1.0,0.0,0.0,0,0.0,0,0,1.0,0.0,0.0,0.0,0.0,0.0,0.0,0.0,0.0,0.0,0,0.0,0.0,0.0,0.0,0,0,0,1.0,0.0,0.0,-15.378115758343892
2.539906103342456,-14.43,2.19,0.0,0.0,0.0,1.0,0,0.0,0,0,0.0,0.0,0.0,0.0,0.0,0.0,1.0,0.0,0.0,1.0,0,0.0,1.0,0.0,0.0,0,0,0,0.0,0.0,0.0,-44.18349429323969
2.539906103342456,-14.43,2.19,0.0,0.0,0.0,1.0,0,0.0,0,0,0.0,0.0,0.0,0.0,0.0,0.0,1.0,0.0,0.0,1.0,0,0.0,1.0,0.0,0.0,0,0,0,1.0,0.0,0.0,-37.22563652326602
2.2826221128780624,-4.92,38.92,1.0,0.0,0.0,0.0,0,0.0,1,0,0.0,0.0,0.0,0.0,0.0,1.0,0.0,0.0,0.0,1.0,0,0.0,1.0,0.0,0.0,0,0,0,0.0,0.0,0.0,0.4
2.2181414681576777,-0.74,9.9,0.0,1.0,0.0,0.0,0,0.0,0,0,0.0,0.0,0.0,0.0,0.0,1.0,0.0,0.0,0.0,1.0,0,0.0,0.0,0.0,0.0,0,0,0,0.0,0.0,0.0,-64.00843373493976
2.2181414681576777,-0.74,9.9,0.0,1.0,0.0,0.0,0,0.0,0,0,0.0,0.0,0.0,0.0,0.0,1.0,0.0,0.0,0.0,1.0,0,0.0,0.0,0.0,0.0,0,0,0,0.0,0.0,0.0,-69.10722891566266
2.225309281725863,-15.0,34.4,0.0,1.0,0.0,0.0,0,0.0,0,0,0.0,1.0,0.0,0.0,0.0,1.0,0.0,0.0,0.0,1.0,0,0.0,1.0,0.0,0.0,0,0,0,0.0,0.0,1.0,4.0
2.316997170689212,-11.53,4.0,1.0,0.0,0.0,0.0,0,0.0,0,0,0.0,0.0,1.0,0.0,0.0,1.0,0.0,0.0,1.0,0.0,0,0.0,0.0,1.0,0.0,0,0,0,0.0,1.0,0.0,21.05263157894736
2.361727836017593,-25.4,70.0,1.0,0.0,0.0,0.0,0,0.0,0,0,0.0,0.0,1.0,0.0,0.0,1.0,1.0,0.0,0.0,0.0,0,0.0,0.0,0.0,0.0,0,0,0,0.0,0.0,0.0,26.36057854019509
2.380211241711606,-22.8,70.0,1.0,0.0,0.0,0.0,0,0.0,0,0,0.0,0.0,1.0,0.0,1.0,0.0,1.0,0.0,0.0,0.0,0,0.0,0.0,0.0,0.0,0,0,0,0.0,0.0,0.0,64.54423141607803
2.322219294733919,-21.9,70.0,1.0,0.0,0.0,0.0,0,0.0,0,0,0.0,0.0,1.0,1.0,0.0,0.0,1.0,0.0,0.0,0.0,0,0.0,0.0,0.0,0.0,0,0,0,0.0,0.0,0.0,25.42885973763873
2.358505911490236,-52.0,16.259999999999998,0.0,1.0,0.0,0.0,0,0.0,0,0,0.0,1.0,0.0,0.0,0.0,1.0,1.0,0.0,0.0,0.0,1,0.0,0.0,0.0,0.0,0,0,1,0.0,0.0,1.0,0.9347773821653801
2.307496037913213,-21.0,16.259999999999998,0.0,1.0,0.0,0.0,0,0.0,0,0,0.0,1.0,0.0,0.0,0.0,1.0,1.0,0.0,0.0,0.0,1,0.0,0.0,0.0,0.0,0,0,1,0.0,0.0,1.0,0.46710247633003
2.3332456989619628,-19.1,2.08,1.0,0.0,0.0,0.0,0,1.0,0,0,0.0,0.0,0.0,0.0,0.0,1.0,1.0,0.0,0.0,1.0,0,1.0,0.0,0.0,0.0,0,0,0,1.0,0.0,0.0,-6.3380281690140805
2.3332456989619628,-19.1,2.08,1.0,0.0,0.0,0.0,0,1.0,0,0,0.0,0.0,0.0,0.0,0.0,1.0,1.0,0.0,0.0,1.0,0,1.0,0.0,0.0,0.0,0,0,0,1.0,0.0,0.0,-14.94023902688053
1.1708482036433094,-30.2,25.0,1.0,0.0,0.0,0.0,0,1.0,0,0,0.0,0.0,0.0,1.0,0.0,0.0,0.0,0.0,0.0,1.0,0,0.0,0.0,0.0,1.0,0,0,0,0.0,0.0,0.0,25.0
1.1708482036433094,-30.2,25.0,1.0,0.0,0.0,0.0,0,1.0,0,0,0.0,0.0,0.0,1.0,0.0,0.0,0.0,0.0,0.0,1.0,0,0.0,0.0,0.0,1.0,0,0,0,1.0,0.0,0.0,38.58695652173913
2.2730012720637376,-35.98,18.0,0.0,1.0,0.0,0.0,0,0.0,0,0,0.0,1.0,0.0,0.0,0.0,1.0,1.0,0.0,0.0,1.0,0,0.0,0.0,0.0,0.0,0,1,0,0.0,0.0,0.0,1.24400213257507
2.200303182981585,-37.18,0.45,0.0,1.0,0.0,0.0,0,0.0,0,0,0.0,1.0,0.0,0.0,0.0,1.0,1.0,0.0,0.0,1.0,0,0.0,0.0,0.0,0.0,0,1,0,0.0,0.0,0.0,4.54949351341744
2.2739267801005254,-35.25,18.45,0.0,1.0,0.0,0.0,0,0.0,0,0,0.0,1.0,0.0,0.0,0.0,1.0,1.0,0.0,0.0,1.0,0,0.0,0.0,0.0,0.0,0,1,0,0.0,0.0,1.0,5.74018126888216
2.1428898054390424,-24.53,20.0,0.0,1.0,0.0,0.0,0,0.0,0,0,0.0,1.0,0.0,0.0,0.0,1.0,1.0,0.0,0.0,1.0,0,0.0,0.0,0.0,0.0,0,1,0,0.0,0.0,0.0,21.09423449850866
2.334312984758231,-31.63,20.0,0.0,0.0,0.0,1.0,0,0.0,0,0,0.0,0.0,0.0,0.0,0.0,1.0,0.0,0.0,0.0,1.0,0,0.0,0.0,0.0,0.0,0,1,0,0.0,0.0,0.0,14.8444190693691
2.3246939138617746,-24.33,20.0,0.0,0.0,0.0,1.0,0,0.0,0,0,0.0,0.0,0.0,0.0,0.0,1.0,0.0,0.0,0.0,1.0,0,0.0,0.0,0.0,0.0,0,1,0,0.0,0.0,0.0,21.87583056887199
2.3450402840195563,-34.13,20.0,0.0,0.0,0.0,1.0,0,0.0,0,0,0.0,0.0,0.0,0.0,0.0,1.0,0.0,0.0,0.0,1.0,0,0.0,0.0,0.0,0.0,0,1,0,0.0,0.0,0.0,20.31263842814532
2.0831441431430524,-31.3,15.0,0.0,1.0,0.0,0.0,0,0.0,0,0,0.0,1.0,0.0,0.0,0.0,1.0,0.0,0.0,0.0,1.0,0,0.0,0.0,0.0,1.0,0,0,0,0.0,0.0,0.0,-0.54303631727655
2.0831441431430524,-31.3,15.0,0.0,1.0,0.0,0.0,0,0.0,0,0,0.0,1.0,0.0,0.0,0.0,1.0,0.0,0.0,0.0,1.0,0,0.0,0.0,0.0,1.0,0,0,0,1.0,0.0,0.0,3.8046998828474803
2.2600713879850747,-46.8,30.0,0.0,1.0,0.0,0.0,0,0.0,0,0,0.0,1.0,0.0,0.0,0.0,1.0,0.0,0.0,1.0,0.0,0,0.0,0.0,1.0,0.0,0,0,0,0.0,1.0,0.0,29.70231080596404
2.023499381548012,-36.6,60.0,0.0,1.0,0.0,0.0,0,0.0,0,0,0.0,1.0,0.0,0.0,0.0,1.0,1.0,0.0,0.0,0.0,0,0.0,0.0,0.0,0.0,0,0,0,1.0,0.0,0.0,40.81683576396779
2.0425755124401905,-19.69,75.0,0.0,1.0,0.0,0.0,0,0.0,0,0,0.0,1.0,0.0,0.0,0.0,1.0,1.0,0.0,1.0,0.0,0,0.0,0.0,1.0,0.0,0,0,0,0.0,1.0,0.0,-35.18475569155264
2.0,0.0,0.5,0.0,1.0,0.0,0.0,0,0.0,0,1,0.0,0.0,0.0,0.0,0.0,1.0,1.0,0.0,1.0,0.0,0,0.0,0.0,1.0,0.0,0,0,0,0.0,1.0,0.0,-46.551744292522116
2.115277591395901,-42.3,1.0,0.0,1.0,0.0,0.0,0,0.0,0,0,0.0,1.0,0.0,0.0,0.0,1.0,1.0,0.0,0.0,0.0,0,0.0,0.0,0.0,0.0,0,0,0,0.0,0.0,0.0,10.94907810811751
2.1166077439882485,-46.0,1.0,0.0,1.0,0.0,0.0,0,0.0,0,0,0.0,1.0,0.0,0.0,0.0,1.0,1.0,0.0,0.0,0.0,0,0.0,0.0,0.0,0.0,0,0,0,0.0,0.0,0.0,9.48938691575755
2.2387484392812453,-16.7,44.3,0.0,1.0,0.0,0.0,0,0.0,0,0,0.0,1.0,0.0,0.0,0.0,1.0,0.0,0.0,1.0,0.0,0,0.0,0.0,1.0,0.0,0,0,0,0.0,0.0,1.0,31.39524286885993
2.4577305482459986,-23.27,3.6,0.0,1.0,0.0,0.0,0,0.0,0,0,0.0,1.0,0.0,0.0,0.0,1.0,0.0,0.0,1.0,0.0,0,0.0,0.0,1.0,0.0,0,0,0,0.0,1.0,0.0,4.14995067412036
2.2610248339923973,-14.5,2.5,0.0,1.0,0.0,0.0,0,0.0,0,0,0.0,1.0,0.0,0.0,0.0,1.0,1.0,1.0,0.0,0.0,0,0.0,0.0,0.0,0.0,0,0,0,0.0,0.0,0.0,-81.08691565292884
2.2610248339923973,-14.5,2.5,0.0,1.0,0.0,0.0,0,0.0,0,0,0.0,1.0,0.0,0.0,0.0,1.0,1.0,1.0,0.0,0.0,0,0.0,0.0,0.0,0.0,0,0,0,0.0,0.0,0.0,-85.65206278661549
2.0674428427763805,-9.38,5.0,0.0,1.0,0.0,0.0,0,0.0,0,0,0.0,1.0,0.0,0.0,0.0,1.0,1.0,0.0,0.0,0.0,1,0.0,0.0,0.0,0.0,0,0,0,0.0,0.0,0.0,1.49274448679317
2.16283314387816,-16.16,64.0,0.0,1.0,0.0,0.0,0,0.0,0,0,1.0,0.0,0.0,0.0,0.0,1.0,1.0,0.0,1.0,0.0,0,0.0,0.0,1.0,0.0,0,0,0,0.0,1.0,0.0,12.962499999999979
2.24206911233894,-30.55,64.0,0.0,1.0,0.0,0.0,0,0.0,0,0,1.0,0.0,0.0,0.0,0.0,1.0,1.0,0.0,1.0,0.0,0,0.0,0.0,1.0,0.0,0,0,0,0.0,1.0,0.0,15.74027777777777
3.382257189670756,-14.37,75.0,0.0,0.0,0.0,1.0,0,0.0,0,0,0.0,0.0,0.0,0.0,0.0,1.0,0.0,0.0,1.0,0.0,0,0.0,0.0,1.0,0.0,0,0,0,0.0,1.0,0.0,15.17882116371718
2.2938043599193367,-16.8,10.5,0.0,1.0,0.0,0.0,0,0.0,0,0,1.0,0.0,0.0,0.0,0.0,1.0,0.0,0.0,0.0,0.0,0,0.0,0.0,0.0,0.0,0,0,0,0.0,0.0,0.0,-11.678776173395871
2.2837533833325265,-17.7,10.5,0.0,1.0,0.0,0.0,0,0.0,0,0,1.0,0.0,0.0,0.0,0.0,1.0,1.0,0.0,0.0,0.0,0,0.0,0.0,0.0,0.0,0,0,0,0.0,0.0,0.0,-16.78776173395872
2.0791812460476247,-5.0,0.638297872,1.0,0.0,1.0,0.0,0,0.0,0,0,0.0,0.0,0.0,0.0,0.0,1.0,1.0,1.0,0.0,0.0,0,0.0,1.0,0.0,0.0,0,0,0,1.0,0.0,0.0,5.26315789473683
2.184691430817599,-4.15,7.5,0.0,1.0,0.0,0.0,0,0.0,0,0,0.0,1.0,0.0,0.0,0.0,1.0,1.0,0.0,1.0,0.0,0,0.0,0.0,1.0,0.0,0,0,0,0.0,1.0,0.0,-15.390625
2.14921911265538,-23.1,5.0,0.0,1.0,0.0,0.0,0,0.0,0,0,0.0,1.0,0.0,0.0,0.0,1.0,1.0,0.0,0.0,1.0,0,0.0,0.0,0.0,0.0,1,0,0,0.0,0.0,0.0,-0.81999193663759
