logHD,ZP,AccumDose,PT_Inorganic,PT_Organic,MAT_Gold,MAT_Hybrid,MAT_Inorganic others,MAT_Iron,MAT_Liposome,MAT_Organic others,MAT_Polymeric,MAT_Silica,Shape_Plate,Shape_Rod,Shape_Spherical,TS_Passive,TM_Allograft Orthotopic,TM_Healthy,TM_Xenograft Heterotopic,TM_Xenograft Orthotopic,Cancer_Freproductive,Cancer_GI tract,Cancer_Healthy,Cancer_Lung,Cancer_Mreproductive,Cancer_Others,Cancer_Skin,AT_YES,MM_healthy,CoDelivery_yes,CREA%
2.2571820970331156,14.648737848205485,181.2323943329481,0.0,1.0,0.0,0,0,0,1.0,0,0.0,0,0,0,1,0.0,0.0,0.0,0.0,0,0.0,0.0,0.0,0.0,0,0.0,0,0.0,0.0,0.0,0.0
2.2571984261393445,15.0,180.0,0.0,1.0,0.0,0,0,0,1.0,0,0.0,0,0,0,1,0.0,1.0,0.0,0.0,0,0.0,0.0,0.0,1.0,0,0.0,0,0.0,0.0,1.0,0.0
2.2572251147179023,14.959847208161472,180.06982040422886,0.0,1.0,0.0,0,0,0,1.0,0,0.0,0,0,0,1,0.0,1.0,0.0,0.0,0,0.0,0.0,0.0,1.0,0,0.0,0,0.0,0.0,0.0,0.0
2.2578809340818586,14.835249093962416,177.39691939342077,0.0,1.0,0.0,0,0,0,1.0,0,0.0,0,0,0,1,0.0,0.0,0.0,0.0,0,0.0,0.0,0.0,1.0,0,0.0,0,0.0,0.0,0.0,0.0
2.258727400057069,15.04762121874437,178.81674253172267,0.0,1.0,0.0,0,0,0,1.0,0,0.0,0,0,0,1,0.0,0.0,0.0,0.0,0,0.0,0.0,0.0,0.0,0,0.0,0,0.0,0.0,1.0,0.0
2.2570073944269184,15.20676691905535,181.6122206225758,0.0,1.0,0.0,0,0,0,0.0,0,0.0,0,0,0,1,0.0,1.0,0.0,0.0,0,0.0,0.0,0.0,1.0,0,0.0,0,0.0,0.0,1.0,0.0
2.2571984261393445,15.0,180.0,0.0,1.0,0.0,0,0,0,1.0,0,0.0,0,0,0,1,0.0,1.0,0.0,0.0,0,0.0,0.0,0.0,1.0,0,0.0,0,0.0,0.0,1.0,0.0
2.257619505302275,15.081480568469717,178.9562677687888,0.0,1.0,0.0,0,0,0,1.0,0,0.0,0,0,0,1,0.0,1.0,0.0,0.0,0,0.0,0.0,0.0,0.0,0,0.0,0,0.0,0.0,0.0,0.0
2.255696601744173,14.97314999717873,180.22159037552245,0.0,1.0,0.0,0,0,0,0.0,0,0.0,0,0,0,1,0.0,1.0,0.0,0.0,0,0.0,0.0,0.0,1.0,0,0.0,0,0.0,0.0,1.0,0.0
2.2571984261393445,15.0,180.0,0.0,1.0,0.0,0,0,0,1.0,0,0.0,0,0,0,1,0.0,1.0,0.0,0.0,0,0.0,0.0,0.0,1.0,0,0.0,0,0.0,0.0,1.0,0.0
2.256659834590923,15.186600466694728,178.36375675833418,0.0,1.0,0.0,0,0,0,1.0,0,0.0,0,0,0,1,0.0,0.0,0.0,0.0,0,0.0,0.0,0.0,0.0,0,0.0,0,0.0,0.0,1.0,0.0
2.25903971653313,15.035083823993999,182.26724862640336,0.0,1.0,0.0,0,0,0,0.0,0,0.0,0,0,0,1,0.0,0.0,0.0,0.0,0,0.0,0.0,0.0,0.0,0,0.0,0,0.0,0.0,1.0,0.0
2.194597585242509,30.2,20.0,0.0,1.0,0.0,0,0,0,0.0,0,1.0,0,0,0,1,0.0,0.0,0.0,1.0,0,0.0,1.0,0.0,0.0,0,0.0,0,0.0,0.0,0.0,0.0
2.194597585242509,30.2,20.0,0.0,1.0,0.0,0,0,0,0.0,0,1.0,0,0,0,1,0.0,0.0,0.0,1.0,0,0.0,1.0,0.0,0.0,0,0.0,0,0.0,0.0,0.0,0.0
2.194597585242509,30.2,20.0,0.0,1.0,0.0,0,0,0,0.0,0,1.0,0,0,0,1,0.0,0.0,0.0,1.0,0,0.0,1.0,0.0,0.0,0,0.0,0,0.0,0.0,0.0,0.0
2.1946661722508916,30.20883703429635,22.53264254710929,0.0,1.0,0.0,0,0,0,0.0,0,0.0,0,0,0,1,0.0,0.0,0.0,1.0,0,0.0,0.0,0.0,0.0,0,0.0,0,0.0,0.0,0.0,0.0
2.1935694161264396,30.41390784991801,18.797423130324667,0.0,1.0,0.0,0,0,0,0.0,0,0.0,0,0,0,1,0.0,0.0,0.0,0.0,0,0.0,0.0,0.0,0.0,0,0.0,0,0.0,0.0,0.0,0.0
2.1942141226502,30.179177890335595,18.70380258125544,0.0,1.0,0.0,0,0,0,0.0,0,1.0,0,0,0,1,0.0,0.0,0.0,1.0,0,0.0,0.0,0.0,0.0,0,0.0,0,0.0,0.0,0.0,0.0
2.194597585242509,30.2,20.0,0.0,1.0,0.0,0,0,0,0.0,0,1.0,0,0,0,1,0.0,0.0,0.0,1.0,0,0.0,1.0,0.0,0.0,0,0.0,0,0.0,0.0,0.0,0.0
2.194597585242509,30.2,20.0,0.0,1.0,0.0,0,0,0,0.0,0,1.0,0,0,0,1,0.0,0.0,0.0,1.0,0,0.0,1.0,0.0,0.0,0,0.0,0,0.0,0.0,0.0,0.0
2.1963299919102877,30.114140801038968,22.069385926799885,0.0,1.0,0.0,0,0,0,0.0,0,0.0,0,0,0,1,0.0,0.0,0.0,0.0,0,0.0,0.0,0.0,0.0,0,0.0,0,0.0,0.0,0.0,0.0
2.1949175995039822,30.461442244984767,18.56971078058247,0.0,1.0,0.0,0,0,0,0.0,0,0.0,0,0,0,1,0.0,0.0,0.0,1.0,0,0.0,1.0,0.0,0.0,0,0.0,0,0.0,0.0,0.0,0.0
2.1928027953792877,30.096977014498904,19.320174586910046,0.0,1.0,0.0,0,0,0,0.0,0,0.0,0,0,0,1,0.0,0.0,0.0,1.0,0,0.0,1.0,0.0,0.0,0,0.0,0,0.0,0.0,0.0,0.0
2.194597585242509,30.2,20.0,0.0,1.0,0.0,0,0,0,0.0,0,1.0,0,0,0,1,0.0,0.0,0.0,1.0,0,0.0,1.0,0.0,0.0,0,0.0,0,0.0,0.0,0.0,0.0
2.1577497359566205,0.7707289614164254,8.699861436288982,0.0,1.0,0.0,0,0,0,0.0,0,0.0,0,0,0,1,0.0,0.0,0.0,0.0,0,0.0,0.0,1.0,0.0,0,0.0,0,0.0,1.0,0.0,38.67492235083625
2.157982095501759,0.8505361084854373,9.836464037358468,0.0,1.0,0.0,0,0,0,0.0,0,0.0,0,0,0,1,0.0,0.0,1.0,0.0,0,0.0,0.0,1.0,0.0,0,0.0,0,0.0,1.0,0.0,39.77955165516618
2.1582789527963295,0.829894916212827,9.457900871933102,0.0,1.0,0.0,0,0,0,0.0,0,0.0,0,0,0,1,0.0,0.0,1.0,0.0,0,0.0,0.0,0.0,0.0,0,0.0,0,0.0,0.0,0.0,39.642106573460744
2.1576953743517957,1.1605230334218282,12.416980806246519,0.0,1.0,0.0,0,0,0,0.0,0,0.0,0,0,0,1,0.0,0.0,0.0,0.0,0,0.0,0.0,1.0,0.0,0,0.0,0,0.0,1.0,0.0,38.64196010845434
2.158520114924536,0.6909676054655658,9.587140942808407,0.0,1.0,0.0,0,0,0,0.0,0,0.0,0,0,0,1,0.0,0.0,0.0,0.0,0,0.0,0.0,0.0,0.0,0,0.0,0,0.0,1.0,0.0,38.64326307382154
2.1598006885189944,0.9122736853544835,11.038154163714566,0.0,1.0,0.0,0,0,0,0.0,0,1.0,0,0,0,1,0.0,0.0,0.0,0.0,0,0.0,0.0,0.0,0.0,0,0.0,0,0.0,0.0,0.0,39.665437652672864
2.157438376967141,0.861469108958369,9.251596685033936,0.0,1.0,0.0,0,0,0,0.0,0,0.0,0,0,0,1,1.0,0.0,1.0,0.0,0,0.0,0.0,1.0,0.0,0,0.0,0,0.0,0.0,0.0,39.907510406183576
2.1596272728389896,0.9954459906574283,8.593739629516955,0.0,1.0,0.0,0,0,0,0.0,0,1.0,0,0,0,1,1.0,0.0,1.0,0.0,0,0.0,0.0,1.0,0.0,0,0.0,0,0.0,1.0,0.0,39.75939753593493
2.2568053822183436,15.406531054403034,179.7507625770929,0.0,1.0,0.0,0,0,0,1.0,0,0.0,0,0,0,1,0.0,0.0,0.0,0.0,0,0.0,0.0,0.0,1.0,0,0.0,0,0.0,0.0,0.0,0.0
2.217668151286279,40.0,20.0,0.0,1.0,0.0,0,0,0,0.0,0,1.0,0,0,0,1,1.0,0.0,0.0,1.0,0,0.0,1.0,0.0,0.0,0,0.0,0,0.0,0.0,0.0,-18.57173265219242
1.9982593384236984,24.3,45.0,0.0,1.0,0.0,0,0,0,1.0,0,0.0,0,0,0,1,1.0,0.0,0.0,1.0,0,0.0,0.0,0.0,0.0,1,0.0,0,0.0,0.0,0.0,17.00151438667341
2.217668151286279,40.0,20.0,0.0,1.0,0.0,0,0,0,0.0,0,1.0,0,0,0,1,1.0,0.0,0.0,1.0,0,0.0,1.0,0.0,0.0,0,0.0,0,0.0,0.0,0.0,-18.57173265219242
2.1451964061141817,11.2,45.0,0.0,1.0,0.0,0,0,0,1.0,0,0.0,0,0,0,1,0.0,0.0,0.0,1.0,0,0.0,0.0,0.0,0.0,1,0.0,0,0.0,0.0,1.0,7.995961635537591
2.1451964061141817,11.2,45.0,0.0,1.0,0.0,0,0,0,1.0,0,0.0,0,0,0,1,0.0,0.0,0.0,1.0,0,0.0,0.0,0.0,0.0,1,0.0,0,0.0,0.0,1.0,7.995961635537591
2.1451964061141817,11.2,45.0,0.0,1.0,0.0,0,0,0,1.0,0,0.0,0,0,0,1,0.0,0.0,0.0,1.0,0,0.0,0.0,0.0,0.0,1,0.0,0,0.0,0.0,1.0,7.995961635537591
1.9982593384236984,24.3,45.0,0.0,1.0,0.0,0,0,0,1.0,0,0.0,0,0,0,1,1.0,0.0,0.0,1.0,0,0.0,0.0,0.0,0.0,1,0.0,0,0.0,0.0,0.0,17.00151438667341
2.127104798364808,3.45,7.5,0.0,1.0,0.0,0,0,0,0.0,0,1.0,0,0,0,1,1.0,0.0,1.0,0.0,0,0.0,0.0,1.0,0.0,0,0.0,0,0.0,1.0,0.0,-1.37588579113432
2.1583624920952498,0.88,10.0,0.0,1.0,0.0,0,0,0,0.0,0,1.0,0,0,0,1,1.0,0.0,1.0,0.0,0,0.0,0.0,1.0,0.0,0,0.0,0,0.0,1.0,0.0,38.99999999999999
2.217668151286279,40.0,20.0,0.0,1.0,0.0,0,0,0,0.0,0,1.0,0,0,0,1,1.0,0.0,0.0,1.0,0,0.0,1.0,0.0,0.0,0,0.0,0,0.0,0.0,0.0,-18.57173265219242
2.1583624920952498,0.88,10.0,0.0,1.0,0.0,0,0,0,0.0,0,1.0,0,0,0,1,1.0,0.0,1.0,0.0,0,0.0,0.0,1.0,0.0,0,0.0,0,0.0,1.0,0.0,38.99999999999999
1.977723605288848,26.7,25.0,0.0,0.0,0.0,1,0,0,0.0,0,0.0,0,0,0,0,1.0,1.0,0.0,0.0,0,0.0,0.0,0.0,0.0,0,1.0,0,0.0,0.0,0.0,-10.04347826086956
2.2979136358078662,52.77,20.0,0.0,1.0,0.0,0,0,0,0.0,0,1.0,0,0,0,1,1.0,0.0,0.0,1.0,0,0.0,1.0,0.0,0.0,0,0.0,0,0.0,0.0,0.0,-15.001064282673479
2.5499836111596887,8.48,8.0,0.0,1.0,0.0,0,0,0,0.0,0,1.0,0,0,0,1,0.0,0.0,0.0,1.0,0,0.0,0.0,0.0,0.0,0,0.0,0,0.0,0.0,0.0,-13.92367248375612
2.010723865391773,25.4,45.0,0.0,1.0,0.0,0,0,0,1.0,0,0.0,0,0,0,1,1.0,0.0,0.0,1.0,0,0.0,0.0,0.0,0.0,1,0.0,0,0.0,0.0,1.0,-10.005047955577979
2.5499836111596887,8.48,8.0,0.0,1.0,0.0,0,0,0,0.0,0,1.0,0,0,0,1,0.0,0.0,0.0,1.0,0,0.0,0.0,0.0,0.0,0,0.0,0,0.0,0.0,0.0,-13.92367248375612
2.5499836111596887,8.48,8.0,0.0,1.0,0.0,0,0,0,0.0,0,1.0,0,0,0,1,0.0,0.0,0.0,1.0,0,0.0,0.0,0.0,0.0,0,0.0,0,0.0,0.0,0.0,-13.92367248375612
2.5499836111596887,8.48,8.0,0.0,1.0,0.0,0,0,0,0.0,0,1.0,0,0,0,1,0.0,0.0,0.0,1.0,0,0.0,0.0,0.0,0.0,0,0.0,0,0.0,0.0,0.0,-13.92367248375612
2.3336890417039053,29.0,18.0,0.0,1.0,0.0,0,0,0,0.0,0,1.0,0,0,0,1,1.0,0.0,0.0,1.0,0,0.0,0.0,0.0,0.0,0,1.0,0,0.0,0.0,0.0,-42.944785276073624
1.9618954736678504,21.1,4.5,1.0,0.0,0.0,0,0,1,0.0,0,0.0,0,0,0,1,1.0,0.0,0.0,0.0,0,0.0,0.0,0.0,0.0,0,0.0,0,0.0,0.0,1.0,2.31051240514963
2.217668151286279,40.0,20.0,0.0,1.0,0.0,0,0,0,0.0,0,1.0,0,0,0,1,1.0,0.0,0.0,1.0,0,0.0,1.0,0.0,0.0,0,0.0,0,0.0,0.0,0.0,-18.57173265219242
1.977723605288848,26.7,25.0,0.0,0.0,0.0,1,0,0,0.0,0,0.0,0,0,0,0,1.0,1.0,0.0,0.0,0,0.0,0.0,0.0,0.0,0,1.0,0,0.0,0.0,0.0,-10.04347826086956
2.3336890417039053,29.0,18.0,0.0,1.0,0.0,0,0,0,0.0,0,1.0,0,0,0,1,1.0,0.0,0.0,1.0,0,0.0,0.0,0.0,0.0,0,1.0,0,0.0,0.0,0.0,-42.944785276073624
2.0132586652835167,7.23,37.5,0.0,1.0,0.0,0,0,0,0.0,0,1.0,0,0,0,1,1.0,0.0,0.0,0.0,1,0.0,0.0,0.0,0.0,0,1.0,0,0.0,0.0,0.0,-5.1724137931034395
1.9982593384236984,24.3,45.0,0.0,1.0,0.0,0,0,0,1.0,0,0.0,0,0,0,1,1.0,0.0,0.0,1.0,0,0.0,0.0,0.0,0.0,1,0.0,0,0.0,0.0,0.0,17.00151438667341
2.0132586652835167,7.23,37.5,0.0,1.0,0.0,0,0,0,0.0,0,1.0,0,0,0,1,1.0,0.0,0.0,0.0,1,0.0,0.0,0.0,0.0,0,1.0,0,0.0,0.0,0.0,-5.1724137931034395
2.127104798364808,3.45,7.5,0.0,1.0,0.0,0,0,0,0.0,0,1.0,0,0,0,1,1.0,0.0,1.0,0.0,0,0.0,0.0,1.0,0.0,0,0.0,0,0.0,1.0,0.0,-1.37588579113432
2.3138672203691533,22.8,24.0,1.0,0.0,0.0,0,1,0,0.0,0,0.0,0,0,0,1,1.0,0.0,0.0,1.0,0,0.0,0.0,0.0,1.0,0,0.0,0,0.0,0.0,0.0,3.4421612600396396
2.127104798364808,3.45,7.5,0.0,1.0,0.0,0,0,0,0.0,0,1.0,0,0,0,1,1.0,0.0,1.0,0.0,0,0.0,0.0,1.0,0.0,0,0.0,0,0.0,1.0,0.0,-1.37588579113432
2.3138672203691533,22.8,24.0,1.0,0.0,0.0,0,1,0,0.0,0,0.0,0,0,0,1,1.0,0.0,0.0,1.0,0,0.0,0.0,0.0,1.0,0,0.0,0,0.0,0.0,0.0,3.4421612600396396
2.0240303881027915,-36.93052932656532,59.843606995424885,0.0,1.0,0.0,0,0,0,0.0,0,0.0,0,0,0,1,1.0,0.0,0.0,0.0,0,0.0,0.0,0.0,0.0,0,0.0,0,1.0,0.0,0.0,34.364723712911584
2.021721979123331,-36.31224546984143,59.83201486125919,0.0,0.0,0.0,0,0,0,0.0,0,1.0,0,0,0,1,0.0,0.0,0.0,0.0,0,0.0,0.0,0.0,0.0,0,0.0,0,0.0,0.0,0.0,33.75723479610699
2.0271390979115536,-36.907865089821144,60.315625536986545,0.0,0.0,0.0,0,0,0,0.0,0,1.0,0,0,0,1,0.0,0.0,0.0,0.0,0,0.0,0.0,0.0,0.0,0,0.0,0,0.0,0.0,0.0,34.962412134142454
2.0278687122324377,-36.2575647539707,59.63456297320413,0.0,1.0,0.0,0,0,0,0.0,0,1.0,0,0,0,1,0.0,0.0,0.0,0.0,0,0.0,0.0,0.0,0.0,0,0.0,0,1.0,0.0,0.0,34.43963483292693
2.025721210513593,-36.54790081739286,60.30821939019245,0.0,0.0,0.0,0,0,0,0.0,0,0.0,0,0,0,1,1.0,0.0,0.0,0.0,0,0.0,0.0,0.0,0.0,0,0.0,0,0.0,0.0,0.0,34.90457422807494
2.0226512331280477,-36.500044739807805,60.471197670031046,0.0,0.0,0.0,0,0,0,0.0,0,0.0,0,0,0,1,1.0,0.0,0.0,0.0,0,0.0,0.0,0.0,0.0,0,0.0,0,1.0,0.0,0.0,33.369234849746924
2.023645729130936,-37.03459818588891,60.11893105654372,0.0,1.0,0.0,0,0,0,0.0,0,0.0,0,0,0,1,0.0,0.0,0.0,0.0,0,0.0,0.0,0.0,0.0,0,0.0,0,1.0,0.0,0.0,34.519928229200886
2.023923161695683,-36.256286062863474,60.056491438809026,0.0,0.0,0.0,0,0,0,0.0,0,0.0,0,0,0,1,0.0,0.0,0.0,0.0,0,0.0,0.0,0.0,0.0,0,0.0,0,0.0,0.0,0.0,34.07706773484634
2.0232753613808723,-36.509308813626,59.87418068975907,0.0,0.0,0.0,0,0,0,0.0,0,1.0,0,0,0,1,0.0,0.0,0.0,0.0,0,0.0,0.0,0.0,0.0,0,0.0,0,0.0,0.0,0.0,34.32228743645494
2.0250284007473045,-36.6346686597047,60.030346129986,0.0,1.0,0.0,0,0,0,0.0,0,0.0,0,0,0,1,0.0,0.0,0.0,0.0,0,0.0,0.0,0.0,0.0,0,0.0,0,1.0,0.0,0.0,34.70920463432018
2.2417428470197764,-16.55369606253421,44.22004176391392,0.0,0.0,0.0,0,0,0,0.0,0,1.0,0,0,0,1,0.0,0.0,0.0,0.0,0,0.0,0.0,1.0,0.0,0,0.0,0,0.0,0.0,1.0,35.67161135516125
2.240519167216754,-16.386645047900206,44.44055610345389,0.0,0.0,0.0,0,0,0,0.0,0,1.0,0,0,0,1,0.0,0.0,0.0,0.0,0,0.0,0.0,1.0,0.0,0,0.0,0,0.0,0.0,1.0,36.1926127682384
2.241655359912159,-16.509503236226127,44.16765434235862,0.0,0.0,0.0,0,0,0,0.0,0,0.0,0,0,0,1,0.0,0.0,1.0,0.0,0,0.0,0.0,1.0,0.0,0,0.0,0,0.0,0.0,0.0,35.082087085774724
2.237032255947575,-17.18468927460578,44.14466712876316,0.0,1.0,0.0,0,0,0,0.0,0,1.0,0,0,0,1,0.0,0.0,0.0,0.0,0,0.0,0.0,1.0,0.0,0,0.0,0,0.0,0.0,1.0,34.19851837237611
2.240378244133733,-16.537785359760086,44.16532438853564,0.0,0.0,0.0,0,0,0,0.0,0,1.0,0,0,0,1,0.0,0.0,0.0,0.0,0,0.0,0.0,1.0,0.0,0,0.0,0,0.0,0.0,1.0,35.304601060435324
2.2423051314796725,-16.580982419992097,43.31943880912029,0.0,0.0,0.0,0,0,0,0.0,0,1.0,0,0,0,1,0.0,0.0,0.0,0.0,0,0.0,0.0,0.0,0.0,0,0.0,0,0.0,0.0,0.0,35.39296781748377
2.234794112035376,-16.434903198192224,44.36763373712873,0.0,0.0,0.0,0,0,0,0.0,0,1.0,0,0,0,1,0.0,0.0,0.0,0.0,0,0.0,0.0,0.0,0.0,0,0.0,0,0.0,0.0,0.0,35.597192506520244
2.237313559949065,-17.16115032328521,44.52351303873158,0.0,1.0,0.0,0,0,0,0.0,0,1.0,0,0,0,1,0.0,0.0,1.0,0.0,0,0.0,0.0,0.0,0.0,0,0.0,0,0.0,0.0,0.0,35.584012338938486
2.238233260463639,-17.108420257170973,44.818768573953506,0.0,0.0,0.0,0,0,0,0.0,0,0.0,0,0,0,1,0.0,0.0,0.0,0.0,0,0.0,0.0,1.0,0.0,0,0.0,0,0.0,0.0,0.0,35.28416939761859
2.2419663023231404,-16.20245206797634,43.99459390194127,0.0,1.0,0.0,0,0,0,0.0,0,1.0,0,0,0,1,0.0,0.0,1.0,0.0,0,0.0,0.0,0.0,0.0,0,0.0,0,0.0,0.0,0.0,36.18470544262002
1.9663904141357453,-30.940744461876836,15.967305732456772,0.0,1.0,0.0,0,0,0,0.0,0,0.0,0,0,0,1,0.0,0.0,0.0,1.0,0,0.0,0.0,0.0,0.0,0,0.0,0,0.0,0.0,1.0,40.65310413641995
1.9695964586466448,-31.085842679137812,16.377321761975175,0.0,0.0,0.0,0,0,0,0.0,0,1.0,0,0,0,1,1.0,0.0,0.0,0.0,0,1.0,0.0,0.0,0.0,0,0.0,0,0.0,0.0,0.0,40.83196586590019
1.970443055724421,-30.99141992555931,16.70144609591067,0.0,0.0,0.0,0,0,0,0.0,0,1.0,0,0,0,1,1.0,0.0,0.0,0.0,0,0.0,0.0,0.0,0.0,0,0.0,0,0.0,0.0,0.0,40.45910686099622
1.972762217915372,-30.694176178209172,16.250201775592856,0.0,0.0,0.0,0,0,0,0.0,0,0.0,0,0,0,1,1.0,0.0,0.0,0.0,0,1.0,0.0,0.0,0.0,0,0.0,0,0.0,0.0,0.0,40.39865096420934
1.9668353154035827,-31.15595661105442,16.303972306527523,0.0,1.0,0.0,0,0,0,0.0,0,0.0,0,0,0,1,0.0,0.0,0.0,1.0,0,0.0,0.0,0.0,0.0,0,0.0,0,0.0,0.0,0.0,40.15840136585884
1.9687616741200213,-30.743947969046424,15.970712059419588,0.0,0.0,0.0,0,0,0,0.0,0,1.0,0,0,0,1,0.0,0.0,0.0,1.0,0,0.0,0.0,0.0,0.0,0,0.0,0,0.0,0.0,0.0,40.72626064790054
1.9687959557245818,-31.130776120416126,16.648211926560172,0.0,0.0,0.0,0,0,0,0.0,0,0.0,0,0,0,1,1.0,0.0,0.0,0.0,0,0.0,0.0,0.0,0.0,0,0.0,0,0.0,0.0,0.0,40.704014591565276
1.9731853088222477,-30.98000714730083,15.664602181510805,0.0,1.0,0.0,0,0,0,0.0,0,0.0,0,0,0,1,1.0,0.0,0.0,0.0,0,1.0,0.0,0.0,0.0,0,0.0,0,0.0,0.0,0.0,39.35039500328052
1.966391691129986,-30.931308351285615,16.037479881816044,0.0,0.0,0.0,0,0,0,0.0,0,1.0,0,0,0,1,1.0,0.0,0.0,0.0,0,1.0,0.0,0.0,0.0,0,0.0,0,0.0,0.0,1.0,39.07904266233558
1.9699690440711133,-30.808270535777137,15.88674846114142,0.0,0.0,0.0,0,0,0,0.0,0,1.0,0,0,0,1,1.0,0.0,0.0,0.0,0,0.0,0.0,0.0,0.0,0,0.0,0,0.0,0.0,0.0,40.724600520290316
1.947616775085088,-7.086912638576044,30.133446481016975,0.0,1.0,0.0,0,0,0,0.0,0,0.0,0,0,0,1,1.0,0.0,0.0,0.0,0,0.0,0.0,0.0,0.0,0,0.0,0,0.0,0.0,0.0,50.06499723169955
1.9506635243255734,-7.206316241847422,30.24035381985265,0.0,1.0,0.0,0,0,0,0.0,0,0.0,0,0,0,1,1.0,0.0,0.0,0.0,0,0.0,0.0,0.0,0.0,0,0.0,0,0.0,0.0,0.0,50.03452695824442
1.9521632917321088,-7.2445036714705004,30.253666002529013,0.0,0.0,0.0,0,0,0,0.0,0,1.0,0,0,0,1,1.0,0.0,0.0,0.0,0,0.0,0.0,0.0,0.0,0,0.0,0,0.0,0.0,0.0,48.86667143679221
1.9504480858888786,-7.021864199069203,29.562973126174356,0.0,1.0,0.0,0,0,0,0.0,0,0.0,0,0,0,1,1.0,0.0,0.0,0.0,0,0.0,0.0,0.0,0.0,0,0.0,0,0.0,0.0,1.0,50.64821367170669
1.9511202930445852,-7.188478169868923,30.585348019585943,0.0,0.0,0.0,0,0,0,0.0,0,1.0,0,0,0,1,1.0,0.0,0.0,0.0,0,0.0,0.0,0.0,0.0,0,0.0,0,0.0,0.0,1.0,50.167889123606905
1.9516288760683684,-7.132475484517884,30.228611322705113,0.0,0.0,0.0,0,0,0,0.0,0,0.0,0,0,0,1,0.0,0.0,0.0,0.0,0,0.0,0.0,0.0,0.0,0,0.0,0,0.0,0.0,0.0,49.57331083389057
1.9535783657151546,-7.1800536390658705,30.458129991456236,0.0,0.0,0.0,0,0,0,0.0,0,0.0,0,0,0,1,1.0,0.0,0.0,0.0,0,0.0,0.0,0.0,0.0,0,0.0,0,0.0,0.0,0.0,50.36844579839888
1.9485153618769917,-6.775958328168738,29.969372716046685,0.0,1.0,0.0,0,0,0,0.0,0,0.0,0,0,0,1,0.0,0.0,0.0,0.0,0,0.0,0.0,0.0,0.0,0,0.0,0,0.0,0.0,0.0,49.508694547178266
1.949184444193003,-7.035903772212437,30.113330268485253,0.0,0.0,0.0,0,0,0,0.0,0,1.0,0,0,0,1,0.0,0.0,0.0,0.0,0,0.0,0.0,0.0,0.0,0,0.0,0,0.0,0.0,0.0,50.656637499074776
1.9543207265377998,-7.255328950088509,30.463878745834347,0.0,1.0,0.0,0,0,0,0.0,0,1.0,0,0,0,1,0.0,0.0,0.0,0.0,0,0.0,0.0,0.0,0.0,0,0.0,0,0.0,0.0,0.0,50.38759450570911
2.167495274024947,-24.65974081569394,4.870165531588026,0.0,0.0,0.0,0,0,0,0.0,0,0.0,0,0,0,1,0.0,0.0,0.0,1.0,0,0.0,0.0,0.0,0.0,0,0.0,0,0.0,0.0,0.0,50.153739821984104
2.1725081695526782,-24.556374351970653,4.217620974363675,0.0,0.0,1.0,0,0,0,0.0,0,0.0,0,0,0,1,0.0,0.0,0.0,1.0,0,0.0,0.0,0.0,0.0,0,0.0,0,0.0,0.0,0.0,50.48782797393402
2.1709374792682294,-24.541369251854412,5.194723325831288,1.0,0.0,0.0,0,0,0,0.0,0,0.0,0,0,0,1,0.0,0.0,0.0,0.0,0,0.0,0.0,0.0,0.0,0,1.0,0,0.0,0.0,0.0,50.2476805703793
2.1742633814762136,-24.755144629945217,5.418581879168841,1.0,0.0,0.0,0,0,0,0.0,0,0.0,0,0,0,1,0.0,0.0,0.0,1.0,0,0.0,0.0,0.0,0.0,0,0.0,0,0.0,0.0,0.0,49.96249904445409
2.1678266072357877,-24.708040826792704,4.740882255345744,1.0,0.0,1.0,0,0,0,0.0,0,0.0,0,0,0,1,0.0,0.0,0.0,1.0,0,0.0,0.0,0.0,0.0,0,1.0,0,0.0,0.0,0.0,50.7537574681389
2.170188170308158,-24.427288301418226,4.983831136840751,0.0,0.0,1.0,0,0,0,0.0,0,0.0,0,0,0,1,0.0,0.0,0.0,1.0,0,0.0,0.0,0.0,0.0,0,0.0,0,0.0,0.0,0.0,50.3577790470997
2.173754994660966,-24.321339963465903,4.444261384103174,0.0,0.0,0.0,0,0,0,0.0,0,0.0,0,0,0,1,0.0,0.0,0.0,0.0,0,0.0,0.0,0.0,0.0,0,0.0,0,0.0,0.0,0.0,49.77310284510321
1.9875983032271274,-30.37337810104932,15.12992404581622,0.0,0.0,0.0,0,0,0,0.0,0,0.0,0,0,0,1,0.0,0.0,0.0,1.0,0,0.0,0.0,0.0,0.0,0,0.0,0,0.0,0.0,0.0,44.73503097040606
2.172675204025928,-24.786438840818093,5.141002620284777,0.0,0.0,0.0,0,0,0,0.0,0,0.0,0,0,0,1,0.0,0.0,0.0,0.0,0,0.0,0.0,0.0,0.0,0,0.0,0,0.0,0.0,0.0,50.19660378544744
2.1707093621640476,-24.361307060658465,5.458299499910582,0.0,0.0,0.0,0,0,0,0.0,0,0.0,0,0,0,1,0.0,0.0,0.0,0.0,0,0.0,0.0,0.0,0.0,0,0.0,0,0.0,0.0,0.0,49.962565751431605
1.9539706476462022,-7.055353773166429,30.40370397490193,0.0,1.0,0.0,0,0,0,0.0,0,0.0,0,0,0,1,1.0,0.0,0.0,0.0,0,0.0,0.0,0.0,0.0,0,0.0,0,0.0,0.0,1.0,80.3028735844088
1.9509676053703748,-7.106507315381371,30.654752146333777,0.0,1.0,0.0,0,0,0,0.0,0,1.0,0,0,0,1,1.0,0.0,0.0,0.0,0,0.0,0.0,0.0,0.0,0,0.0,0,1.0,0.0,0.0,81.26860996954932
1.9535268412078484,-6.952061926883364,30.49852453162079,0.0,0.0,0.0,0,0,0,0.0,0,1.0,0,0,0,1,0.0,0.0,0.0,0.0,0,0.0,0.0,0.0,0.0,0,0.0,0,0.0,0.0,0.0,80.9666254585162
1.9529072504497207,-6.897493634327216,30.833181363494354,0.0,1.0,0.0,0,0,0,0.0,0,1.0,0,0,0,1,1.0,0.0,0.0,0.0,0,0.0,0.0,0.0,0.0,0,0.0,0,1.0,0.0,0.0,81.06787544542237
1.9500442483059464,-7.346278200938999,30.510356657471537,0.0,1.0,0.0,0,0,0,0.0,0,0.0,0,0,0,1,0.0,0.0,0.0,0.0,0,0.0,0.0,0.0,0.0,0,0.0,0,1.0,0.0,0.0,81.99775902108016
1.950265283630623,-7.014684420544839,30.502600658592293,0.0,1.0,0.0,0,0,0,0.0,0,1.0,0,0,0,1,1.0,0.0,0.0,0.0,0,0.0,0.0,0.0,0.0,0,0.0,0,1.0,0.0,0.0,81.06018300085329
1.9556776192656458,-7.141512199555654,29.802596514344746,0.0,1.0,0.0,0,0,0,0.0,0,1.0,0,0,0,1,1.0,0.0,0.0,0.0,0,0.0,0.0,0.0,0.0,0,0.0,0,0.0,0.0,0.0,81.23684361842716
1.9542467323053183,-7.037820359472287,30.09036867278814,0.0,1.0,0.0,0,0,0,0.0,0,0.0,0,0,0,1,0.0,0.0,0.0,0.0,0,0.0,0.0,0.0,0.0,0,0.0,0,0.0,0.0,0.0,81.51039581890885
1.9536199905882434,-7.143442824449143,29.737037329655664,0.0,0.0,0.0,0,0,0,0.0,0,0.0,0,0,0,1,1.0,0.0,0.0,0.0,0,0.0,0.0,0.0,0.0,0,0.0,0,1.0,0.0,1.0,80.72886921489341
1.9516474435493483,-7.371514598205819,30.2159735598755,0.0,0.0,0.0,0,0,0,0.0,0,0.0,0,0,0,1,1.0,0.0,0.0,0.0,0,0.0,0.0,0.0,0.0,0,0.0,0,1.0,0.0,1.0,81.22431838428662
2.2589006841932475,-19.519993877897736,39.703391100306504,0.0,0.0,0.0,0,0,0,0.0,0,0.0,0,0,0,1,0.0,0.0,0.0,1.0,0,0.0,0.0,0.0,1.0,0,0.0,0,0.0,0.0,1.0,100.72979090113162
1.9865376405411916,-8.594865090969176,31.358312196261508,0.0,1.0,0.0,0,0,0,0.0,0,1.0,0,0,0,1,0.0,0.0,0.0,0.0,0,0.0,0.0,0.0,0.0,0,0.0,0,0.0,0.0,1.0,89.65333175172738
2.092345685805222,-12.804736663337858,34.694391586908594,0.0,1.0,0.0,0,0,0,0.0,0,1.0,0,0,0,1,0.0,0.0,0.0,0.0,0,0.0,0.0,0.0,0.0,0,0.0,0,0.0,0.0,1.0,89.65333175172738
2.2635149292541232,-19.40887744156126,39.66245809439607,0.0,0.0,0.0,0,0,0,0.0,0,0.0,0,0,0,1,0.0,0.0,0.0,1.0,0,0.0,0.0,0.0,0.0,0,0.0,0,0.0,0.0,0.0,99.9216094764809
2.260103196972296,-19.488347479113404,39.74487129580633,0.0,0.0,0.0,0,0,0,0.0,0,1.0,0,0,0,1,0.0,0.0,0.0,0.0,0,0.0,0.0,0.0,1.0,0,0.0,0,0.0,0.0,1.0,99.2772049514417
2.261977805322031,-19.148314452699925,39.58294564173505,0.0,1.0,0.0,0,0,0,0.0,0,0.0,0,0,0,1,0.0,0.0,0.0,0.0,0,0.0,0.0,0.0,0.0,0,0.0,0,0.0,0.0,1.0,99.63711835492711
2.2552430384012245,-19.52430194962803,39.73705275747142,0.0,0.0,0.0,0,0,0,0.0,0,1.0,0,0,0,1,0.0,0.0,0.0,1.0,0,0.0,0.0,0.0,1.0,0,0.0,0,0.0,0.0,1.0,100.86211008026108
2.2580390227000926,-19.734180269878422,40.00656057375953,0.0,1.0,0.0,0,0,0,0.0,0,0.0,0,0,0,1,0.0,0.0,0.0,1.0,0,0.0,0.0,0.0,1.0,0,0.0,0,0.0,0.0,0.0,100.45101836545739
2.2602859705039604,-19.638252425515823,39.91263137412279,0.0,0.0,0.0,0,0,0,0.0,0,1.0,0,0,0,1,0.0,0.0,0.0,1.0,0,0.0,0.0,0.0,1.0,0,0.0,0,0.0,0.0,1.0,100.4173467468858
2.2551180107576685,-19.71390773950864,39.91821259547693,0.0,0.0,0.0,0,0,0,0.0,0,1.0,0,0,0,1,0.0,0.0,0.0,1.0,0,0.0,0.0,0.0,0.0,0,0.0,0,0.0,0.0,1.0,100.56706429524344
2.1725970376209944,-24.19219306324807,5.038658025335111,1.0,0.0,0.0,0,0,0,0.0,0,0.0,0,0,0,1,0.0,0.0,0.0,1.0,0,0.0,0.0,0.0,0.0,0,0.0,0,0.0,0.0,0.0,50.0498272875632
2.2365397957714315,-16.620245131670092,44.458023842126536,0.0,1.0,0.0,0,0,0,0.0,0,0.0,0,0,0,1,0.0,0.0,0.0,0.0,0,0.0,0.0,1.0,0.0,0,0.0,0,0.0,0.0,0.0,35.996968905115786
1.9618171461023315,-31.140457734274413,16.236901883085817,0.0,0.0,0.0,0,0,0,0.0,0,1.0,0,0,0,1,1.0,0.0,0.0,0.0,0,1.0,0.0,0.0,0.0,0,0.0,0,0.0,0.0,0.0,40.181371991399644
2.2573158044218498,-19.529564732736667,39.859657531723705,0.0,1.0,0.0,0,0,0,0.0,0,1.0,0,0,0,1,0.0,0.0,0.0,1.0,0,0.0,0.0,0.0,0.0,0,0.0,0,0.0,0.0,0.0,100.20273719443995
1.942652811693212,-11.7,102.32,0.0,1.0,0.0,0,0,0,0.0,1,0.0,0,0,0,1,0.0,0.0,0.0,0.0,0,0.0,0.0,0.0,0.0,0,0.0,0,0.0,0.0,0.0,0.61728395061728
1.8591382972945307,-52.4,75.0,0.0,0.0,0.0,1,0,0,0.0,0,0.0,0,0,0,1,0.0,0.0,1.0,0.0,0,0.0,0.0,1.0,0.0,0,0.0,0,1.0,1.0,1.0,8.79031644124141
2.106190897263416,-5.454545455,168.0,0.0,1.0,0.0,0,0,0,1.0,0,0.0,0,0,0,1,0.0,0.0,0.0,0.0,1,0.0,0.0,0.0,0.0,0,0.0,0,0.0,0.0,1.0,-12.716802868866589
1.9224659452984132,-18.8,40.0,0.0,1.0,0.0,0,0,0,0.0,0,1.0,0,0,0,1,1.0,0.0,0.0,0.0,0,0.0,1.0,0.0,0.0,0,0.0,0,0.0,0.0,0.0,18.06666667256999
1.9971241556592043,-19.9,40.0,0.0,1.0,0.0,0,0,0,0.0,0,1.0,0,0,0,1,1.0,0.0,0.0,0.0,0,0.0,1.0,0.0,0.0,0,0.0,0,0.0,0.0,0.0,18.06666667256999
1.8356905714924256,-61.6,1.0,1.0,0.0,1.0,0,0,0,0.0,0,0.0,0,0,1,0,0.0,0.0,0.0,1.0,0,0.0,1.0,0.0,0.0,0,0.0,0,1.0,0.0,0.0,-33.326420572376605
1.8356905714924256,-61.6,1.0,1.0,0.0,1.0,0,0,0,0.0,0,0.0,0,0,1,0,0.0,0.0,0.0,1.0,0,0.0,1.0,0.0,0.0,0,0.0,0,0.0,0.0,0.0,-25.010369141435092
1.421603926869831,-11.1,20.0,0.0,1.0,0.0,0,0,0,0.0,0,0.0,0,0,0,1,1.0,0.0,0.0,1.0,0,0.0,1.0,0.0,0.0,0,0.0,0,0.0,0.0,0.0,-60.00293341155765
1.287801729930226,-8.1,10.0,0.0,1.0,0.0,0,0,0,0.0,0,0.0,0,0,0,1,1.0,0.0,0.0,1.0,0,0.0,1.0,0.0,0.0,0,0.0,0,0.0,0.0,0.0,-26.66471105896156
1.9513860948802928,-7.196261682,30.25,0.0,1.0,0.0,0,0,0,0.0,0,1.0,0,0,0,1,1.0,0.0,0.0,0.0,0,0.0,0.0,0.0,0.0,0,0.0,0,1.0,0.0,1.0,81.24697661918836
1.9513860948802928,-7.196261682,30.25,0.0,1.0,0.0,0,0,0,0.0,0,1.0,0,0,0,1,1.0,0.0,0.0,0.0,0,0.0,0.0,0.0,0.0,0,0.0,0,0.0,0.0,1.0,49.99731255038968
3.0,-28.30769231,0.0625,1.0,0.0,0.0,0,1,0,0.0,0,0.0,0,0,0,1,1.0,0.0,0.0,1.0,0,0.0,0.0,0.0,0.0,0,0.0,1,0.0,0.0,0.0,-19.000423998304
2.0644579892269186,-14.8,40.0,0.0,1.0,0.0,0,0,0,0.0,0,1.0,0,0,0,1,1.0,0.0,0.0,0.0,0,0.0,0.0,0.0,0.0,1,0.0,0,0.0,0.0,0.0,-7.6920039486673195
2.093421685162235,-19.5,40.0,0.0,1.0,0.0,0,0,0,0.0,0,1.0,0,0,0,1,1.0,0.0,0.0,0.0,0,0.0,0.0,0.0,0.0,1,0.0,0,0.0,0.0,0.0,-3.8460019743336598
2.106530853822381,-29.4,60.0,0.0,1.0,0.0,0,0,0,0.0,0,1.0,0,0,0,1,1.0,0.0,1.0,0.0,0,0.0,0.0,1.0,0.0,0,0.0,0,1.0,1.0,1.0,3.26369563421502
1.8536982117761744,-6.33,30.9,0.0,1.0,0.0,0,0,0,0.0,0,1.0,0,0,0,0,1.0,0.0,0.0,1.0,0,0.0,1.0,0.0,0.0,0,0.0,0,0.0,0.0,1.0,24.99784377425753
1.792391689498254,-4.535714286,30.0,0.0,1.0,0.0,0,0,0,0.0,0,1.0,0,0,0,0,1.0,0.0,0.0,1.0,0,0.0,1.0,0.0,0.0,0,0.0,0,0.0,0.0,0.0,3.1250898427392397
1.0417109663672588,-6.129032258,25.5,0.0,1.0,0.0,0,0,0,0.0,1,0.0,0,0,0,1,1.0,0.0,0.0,1.0,0,0.0,1.0,0.0,0.0,0,0.0,0,1.0,0.0,0.0,2.41470110370329
1.0738956495977583,-14.35483871,25.5,0.0,1.0,0.0,0,0,0,0.0,1,0.0,0,0,0,1,0.0,0.0,0.0,1.0,0,0.0,1.0,0.0,0.0,0,0.0,0,0.0,0.0,0.0,21.6874894952098
1.032059580447271,-5.161290323,25.5,0.0,1.0,0.0,0,0,0,0.0,1,0.0,0,0,0,1,1.0,0.0,0.0,1.0,0,0.0,1.0,0.0,0.0,0,0.0,0,0.0,0.0,0.0,2.41470110370329
2.1696744340588068,-22.18309859,60.0,0.0,1.0,0.0,0,0,0,0.0,0,1.0,0,0,0,1,0.0,0.0,0.0,1.0,0,0.0,0.0,0.0,1.0,0,0.0,0,0.0,0.0,0.0,-66.66666666666666
2.1048284036536558,-22.81690141,60.0,0.0,1.0,0.0,0,0,0,0.0,0,1.0,0,0,0,1,1.0,0.0,0.0,1.0,0,0.0,0.0,0.0,1.0,0,0.0,0,0.0,0.0,0.0,-66.66666666666666
1.611723308007342,-37.20930233,2.5,0.0,1.0,0.0,0,0,0,0.0,1,0.0,0,0,0,1,1.0,0.0,1.0,0.0,0,0.0,0.0,1.0,0.0,0,0.0,0,0.0,1.0,1.0,11.29290322580645
1.515343893088381,-1.78,3.3333,1.0,0.0,0.0,0,0,0,0.0,0,0.0,1,0,0,1,1.0,1.0,0.0,0.0,0,0.0,0.0,0.0,0.0,0,0.0,0,0.0,0.0,0.0,-15.162152250222661
2.241795431295199,-1.7,11.4,0.0,1.0,0.0,0,0,0,0.0,0,1.0,0,0,0,1,0.0,0.0,0.0,1.0,0,0.0,0.0,0.0,0.0,1,0.0,0,0.0,0.0,1.0,-3.82294502906763
2.03342375548695,-29.5,45.0,0.0,1.0,0.0,0,0,0,0.0,0,1.0,0,0,0,1,1.0,0.0,0.0,0.0,0,0.0,0.0,0.0,0.0,0,0.0,0,0.0,0.0,0.0,2.4582498329993303
2.0,-27.3,45.0,0.0,1.0,0.0,0,0,0,0.0,0,1.0,0,0,0,1,1.0,0.0,0.0,0.0,0,0.0,0.0,0.0,0.0,0,0.0,0,0.0,0.0,0.0,7.37474949899801
2.0211892990699383,-28.1,45.0,0.0,1.0,0.0,0,0,0,0.0,0,1.0,0,0,0,1,1.0,0.0,0.0,0.0,0,0.0,0.0,0.0,0.0,0,0.0,0,0.0,0.0,0.0,7.37474949899801
2.03342375548695,-29.5,45.0,0.0,1.0,0.0,0,0,0,0.0,0,1.0,0,0,0,1,1.0,0.0,0.0,0.0,0,0.0,0.0,0.0,0.0,0,0.0,0,1.0,0.0,0.0,-1.31730126920506
2.03342375548695,-29.5,45.0,0.0,1.0,0.0,0,0,0,0.0,0,1.0,0,0,0,1,1.0,0.0,0.0,0.0,0,0.0,0.0,0.0,0.0,0,0.0,0,1.0,0.0,0.0,1.7181028724114902
2.0,-27.3,45.0,0.0,1.0,0.0,0,0,0,0.0,0,1.0,0,0,0,1,1.0,0.0,0.0,0.0,0,0.0,0.0,0.0,0.0,0,0.0,0,1.0,0.0,0.0,-2.8363393453573598
2.0,-27.3,45.0,0.0,1.0,0.0,0,0,0,0.0,0,1.0,0,0,0,1,1.0,0.0,0.0,0.0,0,0.0,0.0,0.0,0.0,0,0.0,0,1.0,0.0,0.0,7.79158316633268
2.0211892990699383,-28.1,45.0,0.0,1.0,0.0,0,0,0,0.0,0,1.0,0,0,0,1,1.0,0.0,0.0,0.0,0,0.0,0.0,0.0,0.0,0,0.0,0,1.0,0.0,0.0,3.2371409485637903
2.0211892990699383,-28.1,45.0,0.0,1.0,0.0,0,0,0,0.0,0,1.0,0,0,0,1,1.0,0.0,0.0,0.0,0,0.0,0.0,0.0,0.0,0,0.0,0,1.0,0.0,0.0,6.27254509018038
2.8382192219076257,-9.1,800.0,0.0,0.0,0.0,1,0,0,0.0,0,0.0,0,0,0,1,0.0,1.0,0.0,0.0,0,0.0,0.0,0.0,0.0,0,0.0,0,0.0,0.0,0.0,-12.5
2.260619875172372,-19.5,40.0,0.0,1.0,0.0,0,0,0,0.0,0,1.0,0,0,0,1,0.0,0.0,0.0,1.0,0,0.0,0.0,0.0,1.0,0,0.0,0,0.0,0.0,1.0,100.0
2.133538908370217,-4.0,10.0,0.0,1.0,0.0,0,0,0,0.0,0,1.0,0,0,0,1,1.0,0.0,1.0,0.0,0,0.0,0.0,1.0,0.0,0,0.0,0,0.0,1.0,0.0,17.1
1.968482948553935,-31.0,16.19,0.0,1.0,0.0,0,0,0,0.0,0,1.0,0,0,0,1,1.0,0.0,0.0,1.0,0,1.0,0.0,0.0,0.0,0,0.0,0,0.0,0.0,1.0,40.47322540473226
1.8573324964312683,-10.5,11.6,0.0,1.0,0.0,0,0,0,0.0,1,0.0,0,0,0,0,0.0,0.0,0.0,0.0,0,0.0,0.0,0.0,0.0,0,0.0,0,0.0,0.0,1.0,-13.26991363815703
1.8573324964312683,-10.5,6.0,0.0,1.0,0.0,0,0,0,0.0,1,0.0,0,0,0,0,0.0,0.0,0.0,0.0,0,0.0,0.0,0.0,0.0,0,0.0,0,1.0,0.0,0.0,-13.7455613519793
2.539906103342456,-14.43,2.19,0.0,0.0,0.0,1,0,0,0.0,0,0.0,0,0,0,0,1.0,0.0,0.0,1.0,0,0.0,1.0,0.0,0.0,0,0.0,0,1.0,0.0,0.0,-15.088576664630422
2.2826221128780624,-4.92,38.92,1.0,0.0,0.0,0,0,1,0.0,0,0.0,0,0,0,1,0.0,0.0,0.0,1.0,0,0.0,1.0,0.0,0.0,0,0.0,0,0.0,0.0,0.0,-1.22916666666667
2.225309281725863,-15.0,34.4,0.0,1.0,0.0,0,0,0,0.0,0,1.0,0,0,0,1,0.0,0.0,0.0,1.0,0,0.0,1.0,0.0,0.0,0,0.0,0,0.0,0.0,1.0,11.86
2.316997170689212,-11.53,4.0,1.0,0.0,0.0,0,0,0,0.0,0,0.0,1,0,0,1,1.0,0.0,1.0,0.0,0,0.0,0.0,1.0,0.0,0,0.0,0,1.0,1.0,0.0,-1.26960418222553
2.316997170689212,-11.53,4.0,1.0,0.0,0.0,0,0,0,0.0,0,0.0,1,0,0,1,0.0,0.0,1.0,0.0,0,0.0,0.0,1.0,0.0,0,0.0,0,0.0,1.0,0.0,2.3151605675877303
2.361727836017593,-25.4,70.0,1.0,0.0,0.0,0,0,0,0.0,0,0.0,1,0,0,1,1.0,0.0,0.0,0.0,0,0.0,0.0,0.0,0.0,0,0.0,0,0.0,0.0,0.0,-14.503280224929698
2.380211241711606,-22.8,70.0,1.0,0.0,0.0,0,0,0,0.0,0,0.0,1,0,1,0,1.0,0.0,0.0,0.0,0,0.0,0.0,0.0,0.0,0,0.0,0,0.0,0.0,0.0,-29.70946579194001
2.322219294733919,-21.9,70.0,1.0,0.0,0.0,0,0,0,0.0,0,0.0,1,1,0,0,1.0,0.0,0.0,0.0,0,0.0,0.0,0.0,0.0,0,0.0,0,0.0,0.0,0.0,-32.61480787253983
2.358505911490236,-52.0,16.259999999999998,0.0,1.0,0.0,0,0,0,0.0,0,1.0,0,0,0,1,1.0,0.0,0.0,0.0,1,0.0,0.0,0.0,0.0,0,0.0,1,0.0,0.0,1.0,-8.49056603773584
2.307496037913213,-21.0,16.259999999999998,0.0,1.0,0.0,0,0,0,0.0,0,1.0,0,0,0,1,1.0,0.0,0.0,0.0,1,0.0,0.0,0.0,0.0,0,0.0,1,0.0,0.0,1.0,-0.006827216981142303
2.3332456989619628,-19.1,2.08,1.0,0.0,0.0,0,1,0,0.0,0,0.0,0,0,0,1,1.0,0.0,0.0,1.0,0,1.0,0.0,0.0,0.0,0,0.0,0,1.0,0.0,0.0,-4.11764705882352
2.3332456989619628,-19.1,2.08,1.0,0.0,0.0,0,1,0,0.0,0,0.0,0,0,0,1,1.0,0.0,0.0,1.0,0,1.0,0.0,0.0,0.0,0,0.0,0,1.0,0.0,0.0,8.23529411764705
1.1708482036433094,-30.2,25.0,1.0,0.0,0.0,0,1,0,0.0,0,0.0,0,1,0,0,0.0,0.0,0.0,1.0,0,0.0,0.0,0.0,1.0,0,0.0,0,0.0,0.0,0.0,12.29712858926341
1.1708482036433094,-30.2,25.0,1.0,0.0,0.0,0,1,0,0.0,0,0.0,0,1,0,0,0.0,0.0,0.0,1.0,0,0.0,0.0,0.0,1.0,0,0.0,0,1.0,0.0,0.0,-13.420490928495198
2.1428898054390424,-24.53,20.0,0.0,1.0,0.0,0,0,0,0.0,0,1.0,0,0,0,1,1.0,0.0,0.0,1.0,0,0.0,0.0,0.0,0.0,0,1.0,0,0.0,0.0,0.0,-6.28713497113481
2.334312984758231,-31.63,20.0,0.0,0.0,0.0,1,0,0,0.0,0,0.0,0,0,0,1,0.0,0.0,0.0,1.0,0,0.0,0.0,0.0,0.0,0,1.0,0,0.0,0.0,0.0,8.8070456365092
2.3246939138617746,-24.33,20.0,0.0,0.0,0.0,1,0,0,0.0,0,0.0,0,0,0,1,0.0,0.0,0.0,1.0,0,0.0,0.0,0.0,0.0,0,1.0,0,0.0,0.0,0.0,14.466309890017271
2.3450402840195563,-34.13,20.0,0.0,0.0,0.0,1,0,0,0.0,0,0.0,0,0,0,1,0.0,0.0,0.0,1.0,0,0.0,0.0,0.0,0.0,0,1.0,0,0.0,0.0,0.0,20.75765875858581
1.9319661147281728,-25.9,10.0,0.0,1.0,0.0,0,0,0,1.0,0,0.0,0,0,0,1,1.0,0.0,1.0,0.0,0,0.0,0.0,1.0,0.0,0,0.0,0,0.0,1.0,0.0,-2.27495450090997
1.988112840268352,-19.3,10.0,0.0,1.0,0.0,0,0,0,1.0,0,0.0,0,0,0,1,0.0,0.0,1.0,0.0,0,0.0,0.0,1.0,0.0,0,0.0,0,0.0,1.0,0.0,-9.09281814363712
2.0831441431430524,-31.3,15.0,0.0,1.0,0.0,0,0,0,0.0,0,1.0,0,0,0,1,0.0,0.0,0.0,1.0,0,0.0,0.0,0.0,1.0,0,0.0,0,0.0,0.0,0.0,2.01950659781984
2.0831441431430524,-31.3,15.0,0.0,1.0,0.0,0,0,0,0.0,0,1.0,0,0,0,1,0.0,0.0,0.0,1.0,0,0.0,0.0,0.0,1.0,0,0.0,0,1.0,0.0,0.0,-3.53987378083764
2.023499381548012,-36.6,60.0,0.0,1.0,0.0,0,0,0,0.0,0,1.0,0,0,0,1,1.0,0.0,0.0,0.0,0,0.0,0.0,0.0,0.0,0,0.0,0,1.0,0.0,0.0,34.24784316463094
2.0638210563437114,-9.8,60.0,0.0,1.0,0.0,0,0,0,0.0,0,1.0,0,0,0,1,0.0,0.0,0.0,0.0,0,0.0,0.0,0.0,0.0,0,0.0,0,1.0,0.0,0.0,4.25498041341669
2.0425755124401905,-19.69,75.0,0.0,1.0,0.0,0,0,0,0.0,0,1.0,0,0,0,1,1.0,0.0,1.0,0.0,0,0.0,0.0,1.0,0.0,0,0.0,0,0.0,1.0,0.0,-16.66666666666666
2.0425755124401905,-19.69,125.0,0.0,1.0,0.0,0,0,0,0.0,0,1.0,0,0,0,1,1.0,0.0,1.0,0.0,0,0.0,0.0,1.0,0.0,0,0.0,0,0.0,1.0,0.0,-4.83870967741935
2.1166077439882485,-46.0,1.0,0.0,1.0,0.0,0,0,0,0.0,0,1.0,0,0,0,1,1.0,0.0,0.0,0.0,0,0.0,0.0,0.0,0.0,0,0.0,0,0.0,0.0,0.0,-4.06422864167178
2.2387484392812453,-16.7,44.3,0.0,1.0,0.0,0,0,0,0.0,0,1.0,0,0,0,1,0.0,0.0,1.0,0.0,0,0.0,0.0,1.0,0.0,0,0.0,0,0.0,0.0,1.0,35.59241330053171
2.4577305482459986,-23.27,3.6,0.0,1.0,0.0,0,0,0,0.0,0,1.0,0,0,0,1,0.0,0.0,1.0,0.0,0,0.0,0.0,1.0,0.0,0,0.0,0,0.0,1.0,0.0,-16.901439694758093
2.0674428427763805,-9.38,5.0,0.0,1.0,0.0,0,0,0,0.0,0,1.0,0,0,0,1,1.0,0.0,0.0,0.0,1,0.0,0.0,0.0,0.0,0,0.0,0,0.0,0.0,0.0,1.61713745668381
2.0674428427763805,-9.38,5.0,0.0,1.0,0.0,0,0,0,0.0,0,1.0,0,0,0,1,1.0,0.0,0.0,0.0,1,0.0,0.0,0.0,0.0,0,0.0,0,1.0,0.0,0.0,2.43620707760161
2.16283314387816,-16.16,64.0,0.0,1.0,0.0,0,0,0,0.0,1,0.0,0,0,0,1,1.0,0.0,1.0,0.0,0,0.0,0.0,1.0,0.0,0,0.0,0,0.0,1.0,0.0,7.61868300153139
2.24206911233894,-30.55,64.0,0.0,1.0,0.0,0,0,0,0.0,1,0.0,0,0,0,1,1.0,0.0,1.0,0.0,0,0.0,0.0,1.0,0.0,0,0.0,0,0.0,1.0,0.0,22.85604900459419
2.2938043599193367,-16.8,10.5,0.0,1.0,0.0,0,0,0,0.0,1,0.0,0,0,0,1,0.0,0.0,0.0,0.0,0,0.0,0.0,0.0,0.0,0,0.0,0,0.0,0.0,0.0,0.0
2.2837533833325265,-17.7,10.5,0.0,1.0,0.0,0,0,0,0.0,1,0.0,0,0,0,1,1.0,0.0,0.0,0.0,0,0.0,0.0,0.0,0.0,0,0.0,0,0.0,0.0,0.0,21.74032140248356
2.0791812460476247,-5.0,0.638297872,1.0,0.0,1.0,0,0,0,0.0,0,0.0,0,0,0,1,1.0,1.0,0.0,0.0,0,0.0,1.0,0.0,0.0,0,0.0,0,1.0,0.0,0.0,-6.97674418604651
2.184691430817599,-4.15,7.5,0.0,1.0,0.0,0,0,0,0.0,0,1.0,0,0,0,1,1.0,0.0,1.0,0.0,0,0.0,0.0,1.0,0.0,0,0.0,0,0.0,1.0,0.0,-90.56881815502504
2.170261715394957,-24.38547486,5.0,1.0,0.0,1.0,0,0,0,0.0,0,0.0,0,0,0,1,0.0,0.0,0.0,1.0,0,0.0,0.0,0.0,0.0,0,1.0,0,0.0,0.0,0.0,50.0
2.69196510276736,-0.7,8.0,0.0,1.0,0.0,0,0,0,0.0,0,1.0,0,0,1,0,1.0,0.0,0.0,1.0,0,0.0,0.0,0.0,0.0,0,0.0,0,0.0,0.0,0.0,-19.38870470540337
