logHD,ZP,AccumDose,PT_Inorganic,PT_Organic,MAT_Gold,MAT_Hybrid,MAT_Hydrogel,MAT_Inorganic others,MAT_Iron,MAT_Liposome,MAT_Organic others,MAT_Polymeric,MAT_Silica,Shape_Plate,Shape_Rod,Shape_Spherical,TS_Passive,TM_Allograft Orthotopic,TM_Healthy,TM_Xenograft Heterotopic,TM_Xenograft Orthotopic,Cancer_Freproductive,Cancer_GI tract,Cancer_Healthy,Cancer_Lung,Cancer_Mreproductive,Cancer_Others,Cancer_Skin,AT_YES,MM_healthy,CoDelivery_yes,ALT%
1.8483416902776433,7.6771358031707555,120.89446007539057,0.0,1.0,0.0,0,0,0,0,0.0,1.0,0.0,0.0,0,0.0,1.0,0.0,0.0,0.0,1.0,0,0.0,0.0,0.0,0.0,0,0.0,0,0.0,0.0,0.0,13.721247878817396
1.8437111879709738,7.54678176990154,119.10071513964606,0.0,1.0,0.0,0,0,0,0,0.0,1.0,0.0,0.0,0,0.0,1.0,0.0,0.0,0.0,1.0,0,0.0,0.0,0.0,0.0,0,0.0,0,0.0,0.0,0.0,13.876488693991991
1.8517186104671761,7.742010306582616,120.9572242754207,0.0,1.0,0.0,0,0,0,0,0.0,1.0,0.0,0.0,0,0.0,1.0,0.0,0.0,0.0,1.0,0,0.0,0.0,0.0,0.0,0,0.0,0,0.0,0.0,0.0,13.689017688577874
1.8373100623578398,7.7621895549147215,117.68611346327901,0.0,1.0,0.0,0,0,0,0,0.0,1.0,0.0,0.0,0,0.0,1.0,0.0,0.0,0.0,1.0,0,0.0,0.0,0.0,0.0,0,0.0,0,0.0,0.0,0.0,13.675305407004046
1.8467024453608318,7.6694700482803055,119.97375809632274,0.0,1.0,0.0,0,0,0,0,0.0,1.0,0.0,0.0,0,0.0,1.0,0.0,0.0,0.0,1.0,0,0.0,0.0,0.0,0.0,0,0.0,0,0.0,0.0,0.0,13.727252955265437
1.8508309586606553,7.821692768732098,119.24427028811826,0.0,1.0,0.0,0,0,0,0,0.0,1.0,0.0,0.0,0,0.0,1.0,0.0,0.0,0.0,1.0,0,0.0,0.0,0.0,0.0,0,0.0,0,0.0,0.0,0.0,13.698237634718366
1.84496832208506,7.802949790251678,119.83433024799722,0.0,1.0,0.0,0,0,0,0,0.0,1.0,0.0,0.0,0,0.0,1.0,0.0,0.0,0.0,1.0,0,0.0,0.0,0.0,0.0,0,0.0,0,0.0,0.0,0.0,13.703573416368974
1.8471283938024725,7.749609952233919,119.94786621425352,0.0,1.0,0.0,0,0,0,0,0.0,1.0,0.0,0.0,0,0.0,1.0,0.0,0.0,0.0,1.0,0,0.0,0.0,0.0,0.0,0,0.0,0,0.0,0.0,0.0,13.642298289542449
1.8405498766290218,7.6709780916839225,120.65591263575493,0.0,1.0,0.0,0,0,0,0,0.0,1.0,0.0,0.0,0,0.0,1.0,0.0,0.0,0.0,1.0,0,0.0,0.0,0.0,0.0,0,0.0,0,0.0,0.0,0.0,13.651776926193547
1.8567891287073,7.75897011973608,120.83760775464081,0.0,1.0,0.0,0,0,0,0,0.0,1.0,0.0,0.0,0,0.0,1.0,0.0,0.0,0.0,1.0,0,0.0,0.0,0.0,0.0,0,0.0,0,0.0,0.0,0.0,13.746181682233889
1.848935076386736,7.680220444529126,118.85676694211523,0.0,1.0,0.0,0,0,0,0,0.0,1.0,0.0,0.0,0,0.0,1.0,0.0,0.0,0.0,1.0,0,0.0,0.0,0.0,0.0,0,0.0,0,0.0,0.0,0.0,13.832813377750258
1.843960136940429,7.749694909317513,119.82008550268634,0.0,1.0,0.0,0,0,0,0,0.0,1.0,0.0,0.0,0,0.0,1.0,0.0,0.0,0.0,1.0,0,0.0,0.0,0.0,0.0,0,0.0,0,0.0,0.0,0.0,13.707607415063368
1.8475067017471511,7.467795081326301,119.76584654125455,0.0,1.0,0.0,0,0,0,0,0.0,1.0,0.0,0.0,0,0.0,1.0,0.0,0.0,0.0,1.0,0,0.0,0.0,0.0,0.0,0,0.0,0,0.0,0.0,0.0,13.754403566508802
1.8474608083597899,7.684813816802993,120.0542887965616,0.0,1.0,0.0,0,0,0,0,0.0,1.0,0.0,0.0,0,0.0,1.0,0.0,0.0,0.0,1.0,0,0.0,0.0,0.0,0.0,0,0.0,0,0.0,0.0,0.0,13.834766811757422
1.8417354025107615,7.786540088127407,120.40063728588528,0.0,1.0,0.0,0,0,0,0,0.0,1.0,0.0,0.0,0,0.0,1.0,0.0,0.0,0.0,1.0,0,0.0,0.0,0.0,0.0,0,0.0,0,0.0,0.0,0.0,13.832907005487586
1.84502100635982,7.697684810470199,119.13666838927374,0.0,1.0,0.0,0,0,0,0,0.0,1.0,0.0,0.0,0,0.0,1.0,0.0,0.0,0.0,1.0,0,0.0,0.0,0.0,0.0,0,0.0,0,0.0,0.0,0.0,13.747344612352757
1.8497959484612478,7.785032163546147,118.82728873131947,0.0,1.0,0.0,0,0,0,0,0.0,1.0,0.0,0.0,0,0.0,1.0,0.0,0.0,0.0,1.0,0,0.0,0.0,0.0,0.0,0,0.0,0,0.0,0.0,0.0,13.775794629015333
1.846181055162932,7.692156933535229,120.5126196547487,0.0,1.0,0.0,0,0,0,0,0.0,1.0,0.0,0.0,0,0.0,1.0,0.0,0.0,0.0,1.0,0,0.0,0.0,0.0,0.0,0,0.0,0,0.0,0.0,0.0,13.792578425931875
1.8392238994524146,7.564361123635947,118.21794910047298,0.0,1.0,0.0,0,0,0,0,0.0,1.0,0.0,0.0,0,0.0,1.0,0.0,0.0,0.0,1.0,0,0.0,0.0,0.0,0.0,0,0.0,0,0.0,0.0,0.0,13.867122313776598
1.8427345519361054,7.631397624610819,118.39516766035422,0.0,1.0,0.0,0,0,0,0,0.0,1.0,0.0,0.0,0,0.0,1.0,0.0,0.0,0.0,1.0,0,0.0,0.0,0.0,0.0,0,0.0,0,0.0,0.0,0.0,13.743549015462467
2.219569230504279,17.333297907168813,2.4373639424057094,0.0,1.0,0.0,0,0,0,0,0.0,1.0,0.0,0.0,0,0.0,1.0,0.0,0.0,0.0,1.0,0,0.0,0.0,0.0,0.0,0,0.0,0,0.0,0.0,1.0,7.652035999778127
2.221532476039291,17.395235262578108,6.424017987824619,0.0,1.0,0.0,0,0,0,0,0.0,1.0,0.0,0.0,0,0.0,1.0,1.0,0.0,0.0,1.0,0,0.0,0.0,0.0,0.0,0,0.0,0,0.0,0.0,1.0,7.603701916792732
2.216976350959821,17.550825444362868,3.954154403319331,0.0,1.0,0.0,0,0,0,0,0.0,1.0,0.0,0.0,0,0.0,1.0,1.0,0.0,0.0,1.0,0,0.0,0.0,0.0,0.0,0,0.0,0,0.0,0.0,0.0,7.517649328935556
2.214565029764893,17.261621195030628,1.9006487008998012,0.0,1.0,0.0,0,0,0,0,0.0,1.0,0.0,0.0,0,0.0,1.0,1.0,0.0,0.0,1.0,0,0.0,0.0,0.0,0.0,0,0.0,0,0.0,0.0,1.0,7.596137829241703
2.218206492068892,17.2550095945892,4.188064615879184,0.0,1.0,0.0,0,0,0,0,0.0,1.0,0.0,0.0,0,0.0,1.0,1.0,0.0,0.0,1.0,0,1.0,0.0,0.0,0.0,0,0.0,0,0.0,0.0,1.0,7.634109858830617
2.222980335736028,17.307250136058414,5.23794923621894,0.0,1.0,0.0,0,0,0,0,0.0,1.0,0.0,0.0,0,0.0,1.0,1.0,0.0,0.0,1.0,0,0.0,0.0,0.0,0.0,0,0.0,0,0.0,0.0,0.0,7.540615828606643
2.223602350636611,17.22224602709663,5.919828281401713,0.0,1.0,0.0,0,0,0,0,0.0,1.0,0.0,0.0,0,0.0,1.0,0.0,0.0,0.0,1.0,0,1.0,0.0,0.0,0.0,0,0.0,0,0.0,0.0,1.0,7.601398833648992
2.213930157589269,17.309362433490893,3.2738353371623994,0.0,1.0,0.0,0,0,0,0,0.0,1.0,0.0,0.0,0,0.0,1.0,1.0,0.0,0.0,1.0,0,0.0,0.0,0.0,0.0,0,0.0,0,0.0,0.0,1.0,7.507896885637822
2.2275203084076254,17.25357032883323,5.297563532866615,0.0,1.0,0.0,0,0,0,0,0.0,1.0,0.0,0.0,0,0.0,1.0,1.0,0.0,0.0,1.0,0,0.0,0.0,0.0,0.0,0,0.0,0,0.0,0.0,0.0,7.444655024035819
2.215712438021338,17.335615573814007,4.218215109401786,0.0,1.0,0.0,0,0,0,0,0.0,1.0,0.0,0.0,0,0.0,1.0,0.0,0.0,0.0,1.0,0,0.0,0.0,0.0,0.0,0,0.0,0,0.0,0.0,0.0,7.540339827398405
2.21665286154934,17.49469409783848,3.858609012246677,0.0,1.0,0.0,0,0,0,0,0.0,1.0,0.0,0.0,0,0.0,1.0,1.0,0.0,0.0,1.0,0,0.0,0.0,0.0,0.0,0,0.0,0,0.0,0.0,1.0,7.565622993477074
2.221290216209013,17.41518088301153,2.864867568105211,0.0,1.0,0.0,0,0,0,0,0.0,1.0,0.0,0.0,0,0.0,1.0,1.0,0.0,0.0,1.0,0,0.0,0.0,0.0,0.0,0,0.0,0,0.0,0.0,1.0,7.504834320040175
2.2176961273465867,17.571520161337794,5.878422270850372,0.0,1.0,0.0,0,0,0,0,0.0,1.0,0.0,0.0,0,0.0,1.0,0.0,0.0,0.0,1.0,0,1.0,0.0,0.0,0.0,0,0.0,0,0.0,0.0,1.0,7.569859614843875
2.220057469416837,17.463328031450967,4.093652552730418,0.0,1.0,0.0,0,0,0,0,0.0,1.0,0.0,0.0,0,0.0,1.0,0.0,0.0,0.0,1.0,0,0.0,0.0,0.0,0.0,0,0.0,0,0.0,0.0,0.0,7.534882667049254
2.2194740659764314,17.48316500914908,3.1571280647398416,0.0,1.0,0.0,0,0,0,0,0.0,1.0,0.0,0.0,0,0.0,1.0,1.0,0.0,0.0,1.0,0,0.0,0.0,0.0,0.0,0,0.0,0,0.0,0.0,1.0,7.64026608678018
2.2166218421740846,17.223247627591636,4.405077054640343,0.0,1.0,0.0,0,0,0,0,0.0,1.0,0.0,0.0,0,0.0,1.0,1.0,0.0,0.0,1.0,0,1.0,0.0,0.0,0.0,0,0.0,0,0.0,0.0,0.0,7.5127767221705355
2.216151892154343,17.493016290096858,3.04276746654737,0.0,1.0,0.0,0,0,0,0,0.0,1.0,0.0,0.0,0,0.0,1.0,0.0,0.0,0.0,1.0,0,0.0,0.0,0.0,0.0,0,0.0,0,0.0,0.0,0.0,7.5733219423282385
2.2191780821472564,17.4,3.8249999999999997,0.0,1.0,0.0,0,0,0,0,0.0,1.0,0.0,0.0,0,0.0,1.0,1.0,0.0,0.0,1.0,0,1.0,0.0,0.0,0.0,0,0.0,0,0.0,0.0,1.0,11.31969739422808
2.2132273247778635,17.372045460237587,3.5115446491891817,0.0,1.0,0.0,0,0,0,0,0.0,1.0,0.0,0.0,0,0.0,1.0,0.0,0.0,0.0,1.0,0,0.0,0.0,0.0,0.0,0,0.0,0,0.0,0.0,1.0,7.566031385382335
2.2190515035704315,17.348499793291296,4.7660804133369785,0.0,1.0,0.0,0,0,0,0,0.0,1.0,0.0,0.0,0,0.0,1.0,1.0,0.0,0.0,1.0,0,0.0,0.0,0.0,0.0,0,0.0,0,0.0,0.0,0.0,7.603259115546386
1.8472641017707645,7.69,119.7,0.0,1.0,0.0,0,0,0,0,0.0,1.0,0.0,0.0,0,0.0,1.0,0.0,0.0,0.0,1.0,0,0.0,0.0,0.0,0.0,0,0.0,0,0.0,0.0,0.0,20.595854922279763
1.8458258609343827,7.560548413915607,119.59058725916162,0.0,1.0,0.0,0,0,0,0,0.0,1.0,0.0,0.0,0,0.0,1.0,0.0,0.0,0.0,1.0,0,0.0,0.0,0.0,0.0,0,0.0,0,0.0,0.0,0.0,13.822647468803323
2.103803720955957,4.8,25.0,0.0,0.0,0.0,1,0,0,0,0.0,0.0,0.0,0.0,0,0.0,0.0,1.0,1.0,0.0,0.0,0,0.0,0.0,0.0,0.0,0,1.0,0,0.0,0.0,0.0,-2.106318956870623
1.8472641017707645,7.69,119.7,0.0,1.0,0.0,0,0,0,0,0.0,1.0,0.0,0.0,0,0.0,1.0,0.0,0.0,0.0,1.0,0,0.0,0.0,0.0,0.0,0,0.0,0,0.0,0.0,0.0,13.73056994818651
2.1945975852425095,30.2,20.0,0.0,1.0,0.0,0,0,0,0,0.0,0.0,1.0,0.0,0,0.0,1.0,0.0,0.0,0.0,1.0,0,0.0,1.0,0.0,0.0,0,0.0,0,0.0,0.0,0.0,-22.859967981919205
1.9618954736678504,21.1,4.5,1.0,0.0,0.0,0,0,0,1,0.0,0.0,0.0,0.0,0,0.0,1.0,1.0,0.0,0.0,0.0,0,0.0,0.0,0.0,0.0,0,0.0,0,0.0,0.0,1.0,5.770774789241262
1.9066582176715998,7.94,119.7,0.0,1.0,0.0,0,0,0,0,0.0,0.0,1.0,0.0,0,0.0,1.0,1.0,0.0,0.0,1.0,0,0.0,0.0,0.0,0.0,0,0.0,0,0.0,0.0,0.0,8.290155440414493
1.8472641017707645,7.69,119.7,0.0,1.0,0.0,0,0,0,0,0.0,1.0,0.0,0.0,0,0.0,1.0,0.0,0.0,0.0,1.0,0,0.0,0.0,0.0,0.0,0,0.0,0,0.0,0.0,0.0,13.73056994818651
2.2911467617318855,17.4863388,224.0,1.0,0.0,0.0,0,0,0,0,0.0,0.0,0.0,1.0,1,0.0,0.0,1.0,0.0,0.0,0.0,0,1.0,0.0,0.0,0.0,0,0.0,0,1.0,0.0,1.0,3.7524255941130624
2.3336890417039053,29.0,18.0,0.0,1.0,0.0,0,0,0,0,0.0,0.0,1.0,0.0,0,0.0,1.0,1.0,0.0,0.0,1.0,0,0.0,0.0,0.0,0.0,0,1.0,0,0.0,0.0,0.0,-44.56327985739751
1.9982593384236986,24.3,45.0,0.0,1.0,0.0,0,0,0,0,1.0,0.0,0.0,0.0,0,0.0,1.0,1.0,0.0,0.0,1.0,0,0.0,0.0,0.0,0.0,1,0.0,0,0.0,0.0,0.0,5.712976899417566
1.9982593384236986,24.3,45.0,0.0,1.0,0.0,0,0,0,0,1.0,0.0,0.0,0.0,0,0.0,1.0,1.0,0.0,0.0,1.0,0,0.0,0.0,0.0,0.0,1,0.0,0,0.0,0.0,0.0,5.712976899417566
2.1451964061141817,11.2,45.0,0.0,1.0,0.0,0,0,0,0,1.0,0.0,0.0,0.0,0,0.0,1.0,0.0,0.0,0.0,1.0,0,0.0,0.0,0.0,0.0,1,0.0,0,0.0,0.0,1.0,12.22433086839867
1.9982593384236986,24.3,45.0,0.0,1.0,0.0,0,0,0,0,1.0,0.0,0.0,0.0,0,0.0,1.0,1.0,0.0,0.0,1.0,0,0.0,0.0,0.0,0.0,1,0.0,0,0.0,0.0,0.0,5.712976899417566
2.1451964061141817,11.2,45.0,0.0,1.0,0.0,0,0,0,0,1.0,0.0,0.0,0.0,0,0.0,1.0,0.0,0.0,0.0,1.0,0,0.0,0.0,0.0,0.0,1,0.0,0,0.0,0.0,1.0,12.22433086839867
2.2191780821472564,17.4,3.8249999999999997,0.0,1.0,0.0,0,0,0,0,0.0,1.0,0.0,0.0,0,0.0,1.0,1.0,0.0,0.0,1.0,0,1.0,0.0,0.0,0.0,0,0.0,0,0.0,0.0,1.0,7.546464929485386
2.2177470732627937,22.57,20.0,0.0,1.0,0.0,0,0,0,0,0.0,0.0,1.0,0.0,0,0.0,1.0,0.0,0.0,0.0,1.0,0,0.0,1.0,0.0,0.0,0,0.0,0,0.0,0.0,0.0,-5.716169130803273
1.8472641017707645,7.69,119.7,0.0,1.0,0.0,0,0,0,0,0.0,1.0,0.0,0.0,0,0.0,1.0,0.0,0.0,0.0,1.0,0,0.0,0.0,0.0,0.0,0,0.0,0,0.0,0.0,0.0,13.73056994818651
2.2177470732627937,22.57,20.0,0.0,1.0,0.0,0,0,0,0,0.0,0.0,1.0,0.0,0,0.0,1.0,0.0,0.0,0.0,1.0,0,0.0,1.0,0.0,0.0,0,0.0,0,0.0,0.0,0.0,-5.716169130803273
2.217668151286279,40.0,20.0,0.0,1.0,0.0,0,0,0,0,0.0,0.0,1.0,0.0,0,0.0,1.0,1.0,0.0,0.0,1.0,0,0.0,1.0,0.0,0.0,0,0.0,0,0.0,0.0,0.0,-21.14135040964309
1.9066582176715998,7.94,119.7,0.0,1.0,0.0,0,0,0,0,0.0,0.0,1.0,0.0,0,0.0,1.0,1.0,0.0,0.0,1.0,0,0.0,0.0,0.0,0.0,0,0.0,0,0.0,0.0,0.0,8.290155440414493
2.1945975852425095,30.2,20.0,0.0,1.0,0.0,0,0,0,0,0.0,0.0,1.0,0.0,0,0.0,1.0,0.0,0.0,0.0,1.0,0,0.0,1.0,0.0,0.0,0,0.0,0,0.0,0.0,0.0,-22.859967981919205
2.2979136358078662,52.77,20.0,0.0,1.0,0.0,0,0,0,0,0.0,0.0,1.0,0.0,0,0.0,1.0,1.0,0.0,0.0,1.0,0,0.0,1.0,0.0,0.0,0,0.0,0,0.0,0.0,0.0,0.5697334965627743
1.8820689444361485,8.02,119.7,0.0,1.0,0.0,0,0,0,0,0.0,1.0,0.0,0.0,0,0.0,1.0,0.0,0.0,0.0,1.0,0,0.0,0.0,0.0,0.0,0,0.0,0,0.0,0.0,0.0,1.5544041450777257
2.3138672203691533,22.8,24.0,1.0,0.0,0.0,0,0,1,0,0.0,0.0,0.0,0.0,0,0.0,1.0,1.0,0.0,0.0,1.0,0,0.0,0.0,0.0,1.0,0,0.0,0,1.0,0.0,0.0,7.783433260274952
2.3336890417039053,29.0,9.0,0.0,1.0,0.0,0,0,0,0,0.0,0.0,1.0,0.0,0,0.0,1.0,1.0,0.0,0.0,1.0,0,0.0,0.0,0.0,0.0,0,1.0,0,0.0,0.0,0.0,-28.698752228163993
2.001300933020418,23.6,45.0,0.0,1.0,0.0,0,0,0,0,1.0,0.0,0.0,0.0,0,0.0,1.0,1.0,0.0,0.0,1.0,0,0.0,0.0,0.0,0.0,1,0.0,0,0.0,0.0,0.0,8.376415156076167
2.3138672203691533,22.8,24.0,1.0,0.0,0.0,0,0,1,0,0.0,0.0,0.0,0.0,0,0.0,1.0,1.0,0.0,0.0,1.0,0,0.0,0.0,0.0,1.0,0,0.0,0,1.0,0.0,0.0,7.783433260274952
2.3138672203691533,22.8,24.0,1.0,0.0,0.0,0,0,1,0,0.0,0.0,0.0,0.0,0,0.0,1.0,1.0,0.0,0.0,1.0,0,0.0,0.0,0.0,1.0,0,0.0,0,1.0,0.0,0.0,7.783433260274952
2.3138672203691533,22.8,24.0,1.0,0.0,0.0,0,0,1,0,0.0,0.0,0.0,0.0,0,0.0,1.0,1.0,0.0,0.0,1.0,0,0.0,0.0,0.0,1.0,0,0.0,0,1.0,0.0,0.0,7.783433260274952
1.9777236052888478,26.7,25.0,0.0,0.0,0.0,1,0,0,0,0.0,0.0,0.0,0.0,0,0.0,0.0,1.0,1.0,0.0,0.0,0,0.0,0.0,0.0,0.0,0,1.0,0,0.0,0.0,0.0,27.68304914744233
2.010723865391773,25.4,45.0,0.0,1.0,0.0,0,0,0,0,1.0,0.0,0.0,0.0,0,0.0,1.0,1.0,0.0,0.0,1.0,0,0.0,0.0,0.0,0.0,1,0.0,0,0.0,0.0,1.0,0.37955631175969895
2.103803720955957,4.8,25.0,0.0,0.0,0.0,1,0,0,0,0.0,0.0,0.0,0.0,0,0.0,0.0,1.0,1.0,0.0,0.0,0,0.0,0.0,0.0,0.0,0,1.0,0,0.0,0.0,0.0,-2.106318956870623
1.8472641017707645,7.69,119.7,0.0,1.0,0.0,0,0,0,0,0.0,1.0,0.0,0.0,0,0.0,1.0,0.0,0.0,0.0,1.0,0,0.0,0.0,0.0,0.0,0,0.0,0,0.0,0.0,0.0,13.73056994818651
2.217668151286279,40.0,20.0,0.0,1.0,0.0,0,0,0,0,0.0,0.0,1.0,0.0,0,0.0,1.0,1.0,0.0,0.0,1.0,0,0.0,1.0,0.0,0.0,0,0.0,0,0.0,0.0,0.0,-21.14135040964309
1.9777236052888478,26.7,25.0,0.0,0.0,0.0,1,0,0,0,0.0,0.0,0.0,0.0,0,0.0,0.0,1.0,1.0,0.0,0.0,0,0.0,0.0,0.0,0.0,0,1.0,0,0.0,0.0,0.0,27.68304914744233
1.9066582176715998,7.94,119.7,0.0,1.0,0.0,0,0,0,0,0.0,0.0,1.0,0.0,0,0.0,1.0,1.0,0.0,0.0,1.0,0,0.0,0.0,0.0,0.0,0,0.0,0,0.0,0.0,0.0,8.290155440414493
1.9618954736678504,21.1,4.5,1.0,0.0,0.0,0,0,0,1,0.0,0.0,0.0,0.0,0,0.0,1.0,1.0,0.0,0.0,0.0,0,0.0,0.0,0.0,0.0,0,0.0,0,0.0,0.0,1.0,5.770774789241262
2.2911467617318855,17.4863388,224.0,1.0,0.0,0.0,0,0,0,0,0.0,0.0,0.0,1.0,1,0.0,0.0,1.0,0.0,0.0,0.0,0,1.0,0.0,0.0,0.0,0,0.0,0,1.0,0.0,1.0,3.7524255941130624
2.1451964061141817,11.2,45.0,0.0,1.0,0.0,0,0,0,0,1.0,0.0,0.0,0.0,0,0.0,1.0,0.0,0.0,0.0,1.0,0,0.0,0.0,0.0,0.0,1,0.0,0,0.0,0.0,1.0,12.22433086839867
2.12057393120585,1.18,3.0,0.0,1.0,0.0,0,0,0,0,0.0,0.0,1.0,0.0,0,0.0,1.0,1.0,0.0,0.0,0.0,0,0.0,0.0,0.0,0.0,0,1.0,0,0.0,0.0,0.0,43.334657792788335
2.12057393120585,1.18,3.0,0.0,1.0,0.0,0,0,0,0,0.0,0.0,1.0,0.0,0,0.0,1.0,1.0,0.0,0.0,0.0,0,0.0,0.0,0.0,0.0,0,1.0,0,0.0,0.0,0.0,43.334657792788335
2.318314020607351,-38.35279499195117,2.443275849495915,0.0,0.0,0.0,0,0,0,0,0.0,0.0,0.0,0.0,0,0.0,0.0,0.0,0.0,0.0,0.0,0,0.0,0.0,0.0,0.0,0,0.0,0,0.0,0.0,0.0,43.214035353027114
2.328323053993823,-38.999759036080036,4.337747688108788,0.0,0.0,0.0,0,0,0,0,1.0,0.0,0.0,0.0,0,0.0,1.0,0.0,0.0,0.0,0.0,0,0.0,0.0,0.0,0.0,0,0.0,0,0.0,0.0,0.0,41.80890124849985
2.3189982866870746,-20.46602779446012,4.0,0.0,0.0,0.0,0,0,0,0,0.0,0.0,0.0,0.0,0,0.0,1.0,1.0,0.0,0.0,0.0,0,0.0,0.0,0.0,0.0,0,0.0,0,0.0,0.0,0.0,46.277938997318934
2.31722895132171,-12.565021546194263,4.0,0.0,0.0,0.0,0,0,0,0,0.0,0.0,0.0,0.0,0,0.0,1.0,1.0,0.0,0.0,0.0,0,0.0,0.0,0.0,0.0,0,0.0,0,0.0,0.0,0.0,46.277938997318934
2.3256730038710796,-38.140317922311574,4.543071471671717,0.0,1.0,0.0,0,0,0,0,1.0,0.0,0.0,0.0,0,0.0,0.0,0.0,1.0,0.0,0.0,0,0.0,0.0,0.0,0.0,0,0.0,0,0.0,0.0,0.0,42.44325455494143
1.9402932399693216,-11.74266434870421,101.83736792561263,0.0,1.0,0.0,0,0,0,0,0.0,0.0,0.0,0.0,0,0.0,1.0,0.0,0.0,0.0,0.0,0,0.0,0.0,0.0,0.0,0,0.0,0,0.0,0.0,0.0,45.613498434949726
1.949661310823877,-11.406946700472897,105.19359908507576,0.0,1.0,0.0,0,0,0,0,0.0,1.0,0.0,0.0,0,0.0,1.0,0.0,0.0,0.0,0.0,0,0.0,0.0,0.0,0.0,0,0.0,0,0.0,0.0,0.0,42.49045235617188
1.944699687174468,-11.79451785802544,101.9384338325834,0.0,1.0,0.0,0,0,0,0,0.0,0.0,0.0,0.0,0,0.0,1.0,0.0,0.0,0.0,0.0,0,0.0,0.0,0.0,0.0,0,0.0,0,0.0,0.0,0.0,47.91842151753709
1.9843128007193387,-12.756832291336647,99.24280903999995,0.0,0.0,0.0,0,0,0,0,0.0,0.0,0.0,0.0,0,0.0,0.0,0.0,0.0,0.0,0.0,0,0.0,0.0,0.0,0.0,0,0.0,0,0.0,0.0,0.0,46.40915988412196
1.9478849842293164,-11.327726207487824,101.85320118966878,0.0,0.0,0.0,0,0,0,0,0.0,0.0,0.0,0.0,0,0.0,0.0,0.0,0.0,0.0,0.0,0,0.0,0.0,0.0,0.0,0,0.0,0,0.0,0.0,0.0,44.25702136494083
2.3746545492466256,-22.986207559459096,70.30018106541795,0.0,0.0,0.0,0,0,0,0,0.0,0.0,0.0,0.0,0,1.0,0.0,0.0,0.0,0.0,0.0,0,0.0,0.0,0.0,0.0,0,0.0,0,0.0,0.0,0.0,48.247453629928934
2.3799394726126195,-22.806010256808296,69.08451626715409,0.0,0.0,0.0,0,0,0,0,0.0,0.0,0.0,0.0,0,0.0,0.0,0.0,0.0,0.0,0.0,0,0.0,0.0,0.0,0.0,0,0.0,0,0.0,0.0,0.0,47.928613311283236
2.386217840775617,-23.518117154120393,70.98353570824217,1.0,0.0,0.0,0,0,0,0,0.0,0.0,0.0,1.0,0,1.0,0.0,1.0,0.0,0.0,0.0,0,0.0,0.0,0.0,0.0,0,0.0,0,0.0,0.0,0.0,47.769067224203354
2.37163077159589,-23.090621739879335,70.7009294907234,1.0,0.0,0.0,0,0,0,0,0.0,0.0,0.0,1.0,0,1.0,0.0,0.0,0.0,0.0,0.0,0,0.0,0.0,0.0,0.0,0,0.0,0,0.0,0.0,0.0,49.85221069864364
2.3780220253075655,-22.93761886032944,70.9456670951899,1.0,0.0,0.0,0,0,0,0,0.0,0.0,0.0,1.0,0,1.0,0.0,0.0,0.0,0.0,0.0,0,0.0,0.0,0.0,0.0,0,0.0,0,0.0,0.0,0.0,49.472354679973826
2.0987455762925986,-45.88616870874053,0.7506964756982425,0.0,1.0,0.0,0,0,0,0,0.0,0.0,1.0,0.0,0,0.0,1.0,0.0,0.0,0.0,0.0,0,0.0,0.0,0.0,0.0,0,0.0,0,0.0,0.0,0.0,52.18040156941648
2.1137720508898314,-45.91520080569794,0.030218103572856148,0.0,1.0,0.0,0,0,0,0,0.0,0.0,0.0,0.0,0,0.0,0.0,0.0,0.0,0.0,0.0,0,0.0,0.0,0.0,0.0,0,0.0,0,0.0,0.0,0.0,50.48346873654671
2.106211260589091,-45.88890836780357,1.4292655433132462,0.0,1.0,0.0,0,0,0,0,0.0,0.0,1.0,0.0,0,0.0,1.0,0.0,0.0,0.0,0.0,0,0.0,0.0,0.0,0.0,0,0.0,0,0.0,0.0,0.0,52.537668592714724
2.1094008043454804,-46.01816713234194,4.8261518900003395,0.0,0.0,0.0,0,0,0,0,0.0,0.0,1.0,0.0,0,0.0,0.0,1.0,0.0,0.0,0.0,0,0.0,0.0,0.0,0.0,0,0.0,0,0.0,0.0,0.0,54.1542038981022
2.124823853944069,-45.729842185299,1.8841823258734371,0.0,0.0,0.0,0,0,0,0,0.0,0.0,0.0,0.0,0,0.0,0.0,0.0,0.0,0.0,0.0,0,0.0,0.0,0.0,0.0,0,0.0,0,0.0,0.0,0.0,52.33324268736634
2.3148920101886894,-11.341392280103472,4.739713487597609,1.0,0.0,0.0,0,0,0,0,0.0,0.0,0.0,1.0,0,0.0,0.0,0.0,0.0,1.0,0.0,0,0.0,0.0,0.0,0.0,0,0.0,0,1.0,0.0,0.0,52.41888682375154
2.3240962997605163,-11.41431477922043,4.371119140211884,1.0,0.0,0.0,0,0,0,0,0.0,0.0,0.0,0.0,0,0.0,1.0,1.0,0.0,1.0,0.0,0,0.0,0.0,1.0,0.0,0,0.0,0,0.0,1.0,0.0,51.80294670549788
2.3130388850885573,-11.170332265603326,3.0755245711953503,0.0,0.0,0.0,0,0,0,0,0.0,0.0,0.0,1.0,0,0.0,0.0,0.0,0.0,0.0,0.0,0,0.0,0.0,0.0,0.0,0,0.0,0,1.0,1.0,0.0,51.487531722513275
2.322884837097378,-11.707673757018364,4.312219538451692,0.0,0.0,0.0,0,0,0,0,0.0,0.0,0.0,0.0,0,0.0,0.0,0.0,0.0,1.0,0.0,0,0.0,0.0,1.0,0.0,0,0.0,0,0.0,1.0,0.0,52.39877189434707
2.3184574420473356,-11.149767412196491,4.605313279530092,0.0,0.0,0.0,0,0,0,0,0.0,0.0,0.0,0.0,0,0.0,1.0,1.0,0.0,1.0,0.0,0,0.0,0.0,1.0,0.0,0,0.0,0,0.0,0.0,0.0,51.506011757422435
2.3148100293811935,-11.853482427917983,2.432377630282982,1.0,0.0,0.0,0,0,0,0,0.0,0.0,0.0,0.0,0,0.0,0.0,0.0,0.0,1.0,0.0,0,0.0,0.0,1.0,0.0,0,0.0,0,0.0,0.0,0.0,51.463199838518854
2.309003675294225,-11.52802736410226,3.6760206188112012,1.0,0.0,0.0,0,0,0,0,0.0,0.0,0.0,0.0,0,0.0,1.0,0.0,0.0,0.0,0.0,0,0.0,0.0,0.0,0.0,0,0.0,0,0.0,0.0,0.0,50.09386441152341
2.3199499734060818,-11.526779499431592,4.366512476177255,0.0,0.0,0.0,0,0,0,0,0.0,0.0,0.0,1.0,0,0.0,1.0,0.0,0.0,1.0,0.0,0,0.0,0.0,0.0,0.0,0,0.0,0,0.0,1.0,0.0,50.62050464843955
2.317129814237286,-11.548564185409647,3.7772398328888817,1.0,0.0,0.0,0,0,0,0,0.0,0.0,0.0,0.0,0,0.0,1.0,0.0,0.0,0.0,0.0,0,0.0,0.0,1.0,0.0,0,0.0,0,0.0,0.0,0.0,51.02298609104855
2.316997170689212,-11.53,4.0,1.0,0.0,0.0,0,0,0,0,0.0,0.0,0.0,1.0,0,0.0,1.0,0.0,0.0,1.0,0.0,0,0.0,0.0,1.0,0.0,0,0.0,0,0.0,1.0,0.0,78.05139186295503
2.1650449117821684,-22.4307440931504,61.10278765870481,0.0,1.0,0.0,0,0,0,0,0.0,0.0,1.0,0.0,0,0.0,1.0,0.0,0.0,0.0,0.0,0,0.0,0.0,0.0,1.0,0,0.0,0,0.0,0.0,0.0,52.39565895491053
2.1730406888699942,-21.803120872820188,58.513554151168286,0.0,0.0,0.0,0,0,0,0,0.0,0.0,0.0,0.0,0,0.0,0.0,0.0,0.0,0.0,1.0,0,0.0,0.0,0.0,0.0,0,0.0,0,0.0,0.0,0.0,53.293218911975735
2.1724303925026613,-22.499763476996566,61.87469195504034,0.0,0.0,0.0,0,0,0,0,0.0,0.0,1.0,0.0,0,0.0,0.0,0.0,0.0,0.0,0.0,0,0.0,0.0,0.0,1.0,0,0.0,0,0.0,0.0,0.0,51.50556575827547
2.177767405758641,-21.85943259121022,61.506666601581806,0.0,0.0,0.0,0,0,0,0,0.0,0.0,1.0,0.0,0,0.0,1.0,0.0,0.0,0.0,0.0,0,0.0,0.0,0.0,0.0,0,0.0,0,0.0,0.0,0.0,52.52363528801799
2.1704800656760246,-22.285745115483884,61.74534869171672,0.0,0.0,0.0,0,0,0,0,0.0,0.0,1.0,0.0,0,0.0,1.0,0.0,0.0,0.0,1.0,0,0.0,0.0,0.0,0.0,0,0.0,0,0.0,0.0,0.0,53.14861404574287
1.9424653817242714,-11.561558229747195,203.33180628730858,0.0,0.0,0.0,0,0,0,0,0.0,0.0,0.0,0.0,0,0.0,1.0,0.0,0.0,0.0,0.0,0,0.0,0.0,0.0,0.0,0,0.0,0,0.0,0.0,0.0,62.127726437006984
1.945213869229153,-10.853664508020213,204.36061348314402,0.0,1.0,0.0,0,0,0,0,0.0,0.0,0.0,0.0,0,0.0,1.0,0.0,0.0,0.0,0.0,0,0.0,0.0,0.0,0.0,0,0.0,0,0.0,0.0,0.0,64.98182919596307
1.9470033582062691,-11.82377418396442,205.1642114958343,0.0,1.0,0.0,0,0,0,0,0.0,1.0,0.0,0.0,0,0.0,1.0,0.0,0.0,0.0,0.0,0,0.0,0.0,0.0,0.0,0,0.0,0,0.0,0.0,0.0,61.26555601439341
1.9475150003175112,-11.158542993198406,204.63579192421264,0.0,1.0,0.0,0,0,0,0,0.0,0.0,0.0,0.0,0,0.0,0.0,0.0,0.0,0.0,0.0,0,0.0,0.0,0.0,0.0,0,0.0,0,0.0,0.0,0.0,62.264468647931324
1.956013514402345,-11.843074720890279,204.97339522511044,0.0,0.0,0.0,0,0,0,0,0.0,0.0,0.0,0.0,0,0.0,0.0,0.0,0.0,0.0,0.0,0,0.0,0.0,0.0,0.0,0,0.0,0,0.0,0.0,0.0,64.69907665328303
1.8442962842400252,-61.730181443569954,1.6908797142360492,0.0,0.0,1.0,0,0,0,0,0.0,0.0,0.0,0.0,0,0.0,0.0,0.0,0.0,0.0,0.0,0,0.0,0.0,0.0,0.0,0,0.0,0,1.0,0.0,0.0,72.80931300144577
1.8350478449241694,-61.614177430870036,2.8141123160304256,0.0,0.0,1.0,0,0,0,0,0.0,0.0,0.0,0.0,0,0.0,0.0,0.0,0.0,0.0,1.0,0,0.0,1.0,0.0,0.0,0,0.0,0,0.0,0.0,0.0,72.40085320460284
1.8343613072011111,-61.90251757191286,1.3022223791089704,0.0,0.0,0.0,0,0,0,0,0.0,0.0,0.0,0.0,0,0.0,0.0,0.0,0.0,0.0,0.0,0,0.0,0.0,0.0,0.0,0,0.0,0,0.0,0.0,0.0,73.5745691185245
1.9931099918111996,-52.858124467241716,1.0,0.0,0.0,0.0,0,0,0,0,0.0,0.0,0.0,0.0,0,0.0,0.0,0.0,0.0,0.0,0.0,0,0.0,0.0,0.0,0.0,0,0.0,0,0.0,0.0,0.0,60.2732345160636
1.8328982427206895,-61.311155090516,1.0843023446849034,0.0,0.0,1.0,0,0,0,0,0.0,0.0,0.0,0.0,0,1.0,0.0,0.0,0.0,0.0,1.0,0,0.0,0.0,0.0,0.0,0,0.0,0,0.0,0.0,0.0,70.25443812818058
2.2657476521952455,-19.372131470127183,41.65944781366539,0.0,0.0,0.0,0,0,0,0,0.0,0.0,0.0,0.0,0,0.0,1.0,0.0,0.0,0.0,1.0,0,0.0,0.0,0.0,1.0,0,0.0,0,0.0,0.0,1.0,75.93097954192827
2.258435772402864,-19.325561662130237,41.66102106846497,0.0,1.0,0.0,0,0,0,0,0.0,0.0,0.0,0.0,0,0.0,0.0,0.0,0.0,0.0,0.0,0,0.0,0.0,0.0,0.0,0,0.0,0,0.0,0.0,0.0,77.32125949885727
2.2661849335414748,-19.215877931171573,39.79211054075374,0.0,1.0,0.0,0,0,0,0,0.0,0.0,1.0,0.0,0,0.0,0.0,0.0,0.0,0.0,1.0,0,0.0,0.0,0.0,1.0,0,0.0,0,0.0,0.0,1.0,78.43093796559154
2.2527399616505996,-19.18099542966247,39.52205739883398,0.0,1.0,0.0,0,0,0,0,0.0,0.0,1.0,0.0,0,0.0,1.0,0.0,0.0,0.0,0.0,0,0.0,0.0,0.0,0.0,0,0.0,0,0.0,0.0,1.0,74.43838216185583
2.2616922082022977,-20.055462194961624,40.87463536295483,0.0,0.0,0.0,0,0,0,0,0.0,0.0,0.0,0.0,0,0.0,0.0,0.0,0.0,0.0,1.0,0,0.0,0.0,0.0,1.0,0,0.0,0,0.0,0.0,1.0,77.1265550399028
2.259038263326522,-47.255752156501025,29.45758131552298,0.0,1.0,0.0,0,0,0,0,0.0,0.0,0.0,0.0,0,0.0,0.0,0.0,0.0,1.0,0.0,0,0.0,0.0,1.0,0.0,0,0.0,0,0.0,1.0,0.0,84.8576960202672
2.2745062631304,-46.535370663016174,30.333356848041994,0.0,0.0,0.0,0,0,0,0,0.0,0.0,0.0,0.0,0,0.0,1.0,0.0,0.0,1.0,0.0,0,0.0,0.0,1.0,0.0,0,0.0,0,0.0,1.0,0.0,84.59886993871682
2.2754406333374746,-46.49606799886446,30.148250999110324,0.0,1.0,0.0,0,0,0,0,0.0,0.0,0.0,0.0,0,0.0,1.0,0.0,0.0,1.0,0.0,0,0.0,0.0,1.0,0.0,0,0.0,0,0.0,1.0,0.0,83.51691747858824
2.2661411417959845,-46.59530245118382,28.62071773956127,0.0,1.0,0.0,0,0,0,0,0.0,0.0,0.0,0.0,0,0.0,0.0,0.0,0.0,0.0,0.0,0,0.0,0.0,1.0,0.0,0,0.0,0,0.0,1.0,0.0,85.46212795444279
2.251216972697421,-47.27670468480134,30.766899576630202,0.0,1.0,0.0,0,0,0,0,0.0,0.0,1.0,0.0,0,0.0,1.0,0.0,0.0,1.0,0.0,0,0.0,0.0,1.0,0.0,0,0.0,0,0.0,0.0,0.0,85.90924455732619
2.026143330495169,-28.083473216764023,46.96914181383952,0.0,1.0,0.0,0,0,0,0,0.0,0.0,0.0,0.0,0,0.0,1.0,1.0,0.0,0.0,0.0,0,0.0,0.0,0.0,0.0,0,0.0,0,1.0,0.0,0.0,92.0829887893679
2.015955545529974,-27.80039292400237,44.88324756669381,0.0,1.0,0.0,0,0,0,0,0.0,0.0,1.0,0.0,0,0.0,1.0,1.0,0.0,0.0,0.0,0,0.0,0.0,0.0,0.0,0,0.0,0,1.0,0.0,0.0,92.82476970733843
2.0174622686115398,-27.82124958837912,45.64207530495984,0.0,1.0,0.0,0,0,0,0,0.0,0.0,0.0,0.0,0,0.0,1.0,1.0,0.0,0.0,0.0,0,0.0,0.0,0.0,0.0,0,0.0,0,1.0,0.0,0.0,91.59165122997223
2.0308966593974977,-28.28094857768206,42.115726224926355,0.0,1.0,0.0,0,0,0,0,0.0,0.0,1.0,0.0,0,0.0,0.0,0.0,0.0,0.0,0.0,0,0.0,0.0,0.0,0.0,0,0.0,0,0.0,0.0,0.0,93.28657747018133
2.0151219931367956,-28.204007162660396,47.462766424317124,0.0,0.0,0.0,0,0,0,0,0.0,0.0,1.0,0.0,0,0.0,0.0,1.0,0.0,0.0,0.0,0,0.0,0.0,0.0,0.0,0,0.0,0,0.0,0.0,0.0,92.60608297277689
2.0357840388792816,-29.94979130014836,45.466556792428314,0.0,1.0,0.0,0,0,0,0,0.0,0.0,0.0,0.0,0,0.0,1.0,0.0,0.0,0.0,0.0,0,0.0,0.0,0.0,0.0,0,0.0,0,1.0,0.0,0.0,126.1385101972265
2.022173419479707,-29.23001710602353,44.953922780138896,0.0,0.0,0.0,0,0,0,0,0.0,0.0,0.0,0.0,0,0.0,0.0,1.0,0.0,0.0,0.0,0,0.0,0.0,0.0,0.0,0,0.0,0,1.0,0.0,0.0,128.55521412746106
2.0351675836957432,-29.337547395884666,44.1949646374859,0.0,0.0,0.0,0,0,0,0,0.0,0.0,1.0,0.0,0,0.0,0.0,0.0,0.0,0.0,0.0,0,0.0,0.0,0.0,0.0,0,0.0,0,0.0,0.0,0.0,128.51184335320238
2.0293884440862855,-29.038235638072575,45.0,0.0,1.0,0.0,0,0,0,0,0.0,0.0,1.0,0.0,0,0.0,1.0,1.0,0.0,0.0,0.0,0,0.0,0.0,0.0,0.0,0,0.0,0,1.0,0.0,0.0,107.33384995633698
2.030137766057298,-29.30076878116064,44.72420012196382,0.0,0.0,0.0,0,0,0,0,0.0,0.0,0.0,0.0,0,0.0,1.0,0.0,0.0,0.0,0.0,0,0.0,0.0,0.0,0.0,0,0.0,0,1.0,0.0,0.0,126.65609653240277
2.178044151825306,-24.2324278121711,4.510462804492517,1.0,0.0,1.0,0,0,0,0,0.0,0.0,0.0,0.0,0,0.0,0.0,0.0,0.0,0.0,1.0,0,0.0,0.0,0.0,0.0,0,1.0,0,0.0,0.0,0.0,165.57602076203264
2.16854811831372,-24.611314663031756,5.473216257560718,1.0,0.0,1.0,0,0,0,0,0.0,0.0,0.0,0.0,0,0.0,1.0,0.0,0.0,0.0,0.0,0,0.0,0.0,0.0,0.0,0,0.0,0,0.0,0.0,0.0,164.8068307552122
2.1702066308120185,-24.138750610287715,5.940137405757909,1.0,0.0,0.0,0,0,0,0,0.0,0.0,0.0,0.0,0,0.0,0.0,0.0,0.0,0.0,1.0,0,0.0,0.0,0.0,0.0,0,0.0,0,0.0,0.0,0.0,162.9774944940375
2.1691354113866383,-24.765785745797242,6.233014187680174,1.0,0.0,1.0,0,0,0,0,0.0,0.0,0.0,0.0,0,0.0,0.0,0.0,0.0,0.0,0.0,0,0.0,0.0,0.0,0.0,0,0.0,0,0.0,0.0,0.0,162.6035284333934
2.166873700520899,-23.86816281832914,7.888131737295531,1.0,0.0,0.0,0,0,0,0,0.0,0.0,0.0,0.0,0,0.0,1.0,0.0,0.0,0.0,1.0,0,0.0,0.0,0.0,0.0,0,0.0,0,0.0,0.0,0.0,162.5791042522681
1.0316546392861932,-4.721209264190674,25.95176250941998,0.0,0.0,0.0,0,0,0,0,0.0,1.0,0.0,0.0,0,0.0,1.0,1.0,0.0,0.0,0.0,0,0.0,1.0,0.0,0.0,0,0.0,0,0.0,0.0,0.0,261.2246187563145
1.033268682639587,-5.198236250893957,26.470455970708652,0.0,0.0,0.0,0,0,0,0,0.0,1.0,0.0,0.0,0,0.0,0.0,1.0,0.0,0.0,0.0,0,0.0,0.0,0.0,0.0,0,0.0,0,0.0,0.0,0.0,258.8643456659133
1.0376952535773576,-5.0778642381447,23.81295477931132,0.0,0.0,0.0,0,0,0,0,0.0,0.0,0.0,0.0,0,0.0,1.0,0.0,0.0,0.0,0.0,0,0.0,1.0,0.0,0.0,0,0.0,0,0.0,0.0,0.0,260.82618857682706
1.0333381008039613,-5.466400321934605,26.614585947078574,0.0,1.0,0.0,0,0,0,0,0.0,0.0,0.0,0.0,0,0.0,0.0,1.0,0.0,0.0,0.0,0,0.0,0.0,0.0,0.0,0,0.0,0,0.0,0.0,0.0,259.68293729029506
1.0185367533693628,-5.520837199052247,26.56718344799593,0.0,1.0,0.0,0,0,0,0,0.0,1.0,0.0,0.0,0,0.0,1.0,1.0,0.0,0.0,0.0,0,0.0,0.0,0.0,0.0,0,0.0,0,0.0,0.0,0.0,259.9240986291764
2.1159295645138028,-46.51251936598492,1.6140820324224907,0.0,1.0,0.0,0,0,0,0,0.0,0.0,1.0,0.0,0,0.0,1.0,1.0,0.0,0.0,0.0,0,0.0,0.0,0.0,0.0,0,0.0,0,0.0,0.0,0.0,53.22605944611529
2.318119667746594,-38.64761783823914,3.179543730052922,0.0,1.0,0.0,0,0,0,0,1.0,0.0,0.0,0.0,0,0.0,0.0,0.0,1.0,0.0,0.0,0,0.0,0.0,0.0,0.0,0,0.0,0,0.0,0.0,0.0,42.884243471756626
2.3770489661500616,-23.244079205191337,71.23000132570144,0.0,0.0,0.0,0,0,0,0,0.0,0.0,0.0,0.0,0,1.0,0.0,0.0,0.0,0.0,0.0,0,0.0,0.0,0.0,0.0,0,0.0,0,0.0,0.0,0.0,49.10132521308182
2.267217696401838,-46.812662076517086,29.38931800656636,0.0,0.0,0.0,0,0,0,0,0.0,0.0,0.0,0.0,0,0.0,1.0,0.0,0.0,1.0,0.0,0,0.0,0.0,0.0,0.0,0,0.0,0,0.0,1.0,0.0,85.14657033794528
1.9398909717678432,-11.504897234303991,102.10391882318682,0.0,0.0,0.0,0,0,0,0,0.0,1.0,0.0,0.0,0,0.0,1.0,0.0,0.0,0.0,0.0,0,0.0,0.0,0.0,0.0,0,0.0,0,0.0,0.0,0.0,45.04339497494343
2.327339123057037,-12.397420082808221,4.470718945811023,0.0,0.0,0.0,0,0,0,0,0.0,0.0,0.0,1.0,0,0.0,0.0,1.0,0.0,1.0,0.0,0,0.0,0.0,1.0,0.0,0,0.0,0,0.0,0.0,0.0,50.863446880360975
1.9404607632109205,-11.991495324882246,203.67089963534912,0.0,0.0,0.0,0,0,0,0,0.0,0.0,0.0,0.0,0,0.0,0.0,0.0,0.0,0.0,0.0,0,0.0,0.0,0.0,0.0,0,0.0,0,0.0,0.0,0.0,62.33169628220589
1.9426528116932122,-11.7,102.32,0.0,1.0,0.0,0,0,0,0,0.0,1.0,0.0,0.0,0,0.0,1.0,0.0,0.0,0.0,0.0,0,0.0,0.0,0.0,0.0,0,0.0,0,0.0,0.0,0.0,44.158878504672906
1.9426528116932122,-11.7,204.64,0.0,1.0,0.0,0,0,0,0,0.0,1.0,0.0,0.0,0,0.0,1.0,0.0,0.0,0.0,0.0,0,0.0,0.0,0.0,0.0,0,0.0,0,0.0,0.0,0.0,62.616822429906534
2.5285310606354114,-4.69,80.0,1.0,0.0,0.0,0,0,0,0,0.0,0.0,0.0,1.0,0,0.0,1.0,1.0,0.0,0.0,1.0,0,0.0,1.0,0.0,0.0,0,0.0,0,0.0,0.0,0.0,-1.3326767412514262
2.2884728005997825,-26.7,80.0,1.0,0.0,0.0,0,0,0,0,0.0,0.0,0.0,1.0,0,0.0,1.0,1.0,0.0,0.0,1.0,0,0.0,1.0,0.0,0.0,0,0.0,0,0.0,0.0,0.0,29.334277184451075
1.8591382972945307,-52.4,75.0,0.0,0.0,0.0,1,0,0,0,0.0,0.0,0.0,0.0,0,0.0,1.0,0.0,0.0,1.0,0.0,0,0.0,0.0,1.0,0.0,0,0.0,0,1.0,1.0,1.0,7.772882034848783
2.1061908972634154,-5.454545455,168.0,0.0,1.0,0.0,0,0,0,0,1.0,0.0,0.0,0.0,0,0.0,1.0,0.0,0.0,0.0,0.0,1,0.0,0.0,0.0,0.0,0,0.0,0,0.0,0.0,1.0,21.86405045550106
1.9339931638312424,-13.81,500.0,0.0,1.0,0.0,0,0,0,0,0.0,0.0,1.0,0.0,0,0.0,1.0,1.0,0.0,0.0,1.0,0,0.0,0.0,0.0,0.0,0,0.0,0,0.0,0.0,0.0,9.47275546762205
2.236537261488694,-23.9,24.0,0.0,1.0,0.0,0,1,0,0,0.0,0.0,0.0,0.0,0,0.0,1.0,1.0,0.0,0.0,0.0,0,0.0,0.0,0.0,0.0,0,0.0,1,0.0,0.0,1.0,2.381000000000011
2.236537261488694,-23.9,36.0,0.0,1.0,0.0,0,1,0,0,0.0,0.0,0.0,0.0,0,0.0,1.0,1.0,0.0,0.0,0.0,0,0.0,0.0,0.0,0.0,0,0.0,1,0.0,0.0,1.0,12.068999999999996
2.236537261488694,-23.9,60.0,0.0,1.0,0.0,0,1,0,0,0.0,0.0,0.0,0.0,0,0.0,1.0,1.0,0.0,0.0,0.0,0,0.0,0.0,0.0,0.0,0,0.0,1,0.0,0.0,1.0,-1.1900000000000022
1.9971241556592045,-19.9,40.0,0.0,1.0,0.0,0,0,0,0,0.0,0.0,1.0,0.0,0,0.0,1.0,1.0,0.0,0.0,0.0,0,0.0,1.0,0.0,0.0,0,0.0,0,0.0,0.0,0.0,-14.814530177272268
1.8356905714924256,-61.6,1.0,1.0,0.0,1.0,0,0,0,0,0.0,0.0,0.0,0.0,0,1.0,0.0,0.0,0.0,0.0,1.0,0,0.0,1.0,0.0,0.0,0,0.0,0,1.0,0.0,0.0,73.33313777829926
1.8356905714924256,-61.6,1.0,1.0,0.0,1.0,0,0,0,0,0.0,0.0,0.0,0.0,0,1.0,0.0,0.0,0.0,0.0,1.0,0,0.0,1.0,0.0,0.0,0,0.0,0,0.0,0.0,0.0,13.33343111085037
1.287801729930226,-8.1,10.0,0.0,1.0,0.0,0,0,0,0,0.0,0.0,0.0,0.0,0,0.0,1.0,1.0,0.0,0.0,1.0,0,0.0,1.0,0.0,0.0,0,0.0,0,0.0,0.0,0.0,7.143999999999995
2.299942900022767,-5.48,10.0,1.0,0.0,0.0,0,0,1,0,0.0,0.0,0.0,0.0,0,0.0,1.0,1.0,0.0,1.0,0.0,0,0.0,0.0,1.0,0.0,0,0.0,0,0.0,1.0,0.0,-11.667834019509026
1.9513860948802928,-7.196261682,30.25,0.0,1.0,0.0,0,0,0,0,0.0,0.0,1.0,0.0,0,0.0,1.0,1.0,0.0,0.0,0.0,0,0.0,0.0,0.0,0.0,0,0.0,0,1.0,0.0,1.0,-14.192351361081101
1.9513860948802928,-7.196261682,30.25,0.0,1.0,0.0,0,0,0,0,0.0,0.0,1.0,0.0,0,0.0,1.0,1.0,0.0,0.0,0.0,0,0.0,0.0,0.0,0.0,0,0.0,0,0.0,0.0,1.0,3.8464733737642254
2.2350231594952237,-5.4,6.0,0.0,1.0,0.0,0,0,0,0,0.0,0.0,1.0,0.0,0,0.0,1.0,1.0,0.0,1.0,0.0,0,0.0,0.0,1.0,0.0,0,0.0,0,1.0,1.0,1.0,17.946781189977767
2.193958978019187,-6.7,2.0,0.0,1.0,0.0,0,0,0,0,0.0,0.0,1.0,0.0,0,0.0,1.0,1.0,0.0,1.0,0.0,0,0.0,0.0,1.0,0.0,0,0.0,0,0.0,1.0,0.0,-12.821287524008895
2.2187979981117376,-7.8,4.0,0.0,1.0,0.0,0,0,0,0,0.0,0.0,1.0,0.0,0,0.0,1.0,1.0,0.0,1.0,0.0,0,0.0,0.0,1.0,0.0,0,0.0,0,1.0,1.0,0.0,-8.9755486975851
3.0,-28.30769231,0.0625,1.0,0.0,0.0,0,0,1,0,0.0,0.0,0.0,0.0,0,0.0,1.0,1.0,0.0,0.0,1.0,0,0.0,0.0,0.0,0.0,0,0.0,1,0.0,0.0,0.0,-7.464255677039533
2.089905111439398,-14.2,40.0,0.0,1.0,0.0,0,0,0,0,0.0,0.0,1.0,0.0,0,0.0,1.0,1.0,0.0,0.0,0.0,0,0.0,0.0,0.0,0.0,1,0.0,0,0.0,0.0,0.0,-9.999743333076673
2.1065308538223815,-29.4,60.0,0.0,1.0,0.0,0,0,0,0,0.0,0.0,1.0,0.0,0,0.0,1.0,1.0,0.0,1.0,0.0,0,0.0,0.0,1.0,0.0,0,0.0,0,1.0,1.0,1.0,6.819139472821756
2.1065308538223815,-29.4,60.0,0.0,1.0,0.0,0,0,0,0,0.0,0.0,1.0,0.0,0,0.0,1.0,1.0,0.0,1.0,0.0,0,0.0,0.0,1.0,0.0,0,0.0,0,0.0,1.0,1.0,9.092185963762333
1.792391689498254,-4.535714286,30.0,0.0,1.0,0.0,0,0,0,0,0.0,0.0,1.0,0.0,0,0.0,0.0,1.0,0.0,0.0,1.0,0,0.0,1.0,0.0,0.0,0,0.0,0,0.0,0.0,0.0,-12.000441598586885
1.0417109663672588,-6.129032258,25.5,0.0,1.0,0.0,0,0,0,0,0.0,1.0,0.0,0.0,0,0.0,1.0,1.0,0.0,0.0,1.0,0,0.0,1.0,0.0,0.0,0,0.0,0,1.0,0.0,0.0,13.33488000412446
1.0738956495977585,-14.35483871,25.5,0.0,1.0,0.0,0,0,0,0,0.0,1.0,0.0,0.0,0,0.0,1.0,0.0,0.0,0.0,1.0,0,0.0,1.0,0.0,0.0,0,0.0,0,0.0,0.0,0.0,13.33488000412446
1.032059580447271,-5.161290323,25.5,0.0,1.0,0.0,0,0,0,0,0.0,1.0,0.0,0.0,0,0.0,1.0,1.0,0.0,0.0,1.0,0,0.0,1.0,0.0,0.0,0,0.0,0,0.0,0.0,0.0,260.0005155569304
2.1696744340588068,-22.18309859,60.0,0.0,1.0,0.0,0,0,0,0,0.0,0.0,1.0,0.0,0,0.0,1.0,0.0,0.0,0.0,1.0,0,0.0,0.0,0.0,1.0,0,0.0,0,0.0,0.0,0.0,52.3776871121473
2.1048284036536553,-22.81690141,60.0,0.0,1.0,0.0,0,0,0,0,0.0,0.0,1.0,0.0,0,0.0,1.0,1.0,0.0,0.0,1.0,0,0.0,0.0,0.0,1.0,0,0.0,0,0.0,0.0,0.0,14.283265334110462
2.3230457354817013,-38.54,4.0,0.0,1.0,0.0,0,0,0,0,1.0,0.0,0.0,0.0,0,0.0,1.0,1.0,1.0,0.0,0.0,0,0.0,0.0,0.0,0.0,0,0.0,0,1.0,0.0,0.0,0.0
2.3230457354817013,-38.54,4.0,0.0,1.0,0.0,0,0,0,0,1.0,0.0,0.0,0.0,0,0.0,1.0,1.0,1.0,0.0,0.0,0,0.0,0.0,0.0,0.0,0,0.0,0,0.0,0.0,0.0,41.668351870576316
2.205479452180972,-24.3,1.5750000000000002,0.0,1.0,0.0,0,0,0,0,0.0,1.0,0.0,0.0,0,0.0,1.0,1.0,0.0,0.0,1.0,0,1.0,0.0,0.0,0.0,0,0.0,0,0.0,0.0,0.0,9.43619438996295
1.515343893088381,-1.78,3.3333,1.0,0.0,0.0,0,0,0,0,0.0,0.0,0.0,1.0,0,0.0,1.0,1.0,1.0,0.0,0.0,0,0.0,0.0,0.0,0.0,0,0.0,0,0.0,0.0,0.0,-44.960748873721975
2.03342375548695,-29.5,45.0,0.0,1.0,0.0,0,0,0,0,0.0,0.0,1.0,0.0,0,0.0,1.0,1.0,0.0,0.0,0.0,0,0.0,0.0,0.0,0.0,0,0.0,0,0.0,0.0,0.0,19.462156917105645
2.0,-27.3,45.0,0.0,1.0,0.0,0,0,0,0,0.0,0.0,1.0,0.0,0,0.0,1.0,1.0,0.0,0.0,0.0,0,0.0,0.0,0.0,0.0,0,0.0,0,0.0,0.0,0.0,10.28555586359856
2.0211892990699383,-28.1,45.0,0.0,1.0,0.0,0,0,0,0,0.0,0.0,1.0,0.0,0,0.0,1.0,1.0,0.0,0.0,0.0,0,0.0,0.0,0.0,0.0,0,0.0,0,0.0,0.0,0.0,10.28555586359856
2.03342375548695,-29.5,45.0,0.0,1.0,0.0,0,0,0,0,0.0,0.0,1.0,0.0,0,0.0,1.0,1.0,0.0,0.0,0.0,0,0.0,0.0,0.0,0.0,0,0.0,0,1.0,0.0,0.0,127.62683670640422
2.03342375548695,-29.5,45.0,0.0,1.0,0.0,0,0,0,0,0.0,0.0,1.0,0.0,0,0.0,1.0,1.0,0.0,0.0,0.0,0,0.0,0.0,0.0,0.0,0,0.0,0,1.0,0.0,0.0,31.322428611034113
2.0,-27.3,45.0,0.0,1.0,0.0,0,0,0,0,0.0,0.0,1.0,0.0,0,0.0,1.0,1.0,0.0,0.0,0.0,0,0.0,0.0,0.0,0.0,0,0.0,0,1.0,0.0,0.0,31.322428611034113
2.0,-27.3,45.0,0.0,1.0,0.0,0,0,0,0,0.0,0.0,1.0,0.0,0,0.0,1.0,1.0,0.0,0.0,0.0,0,0.0,0.0,0.0,0.0,0,0.0,0,1.0,0.0,0.0,13.81480454671471
2.0211892990699383,-28.1,45.0,0.0,1.0,0.0,0,0,0,0,0.0,0.0,1.0,0.0,0,0.0,1.0,1.0,0.0,0.0,0.0,0,0.0,0.0,0.0,0.0,0,0.0,0,1.0,0.0,0.0,92.60881619074024
2.0211892990699383,-28.1,45.0,0.0,1.0,0.0,0,0,0,0,0.0,0.0,1.0,0.0,0,0.0,1.0,1.0,0.0,0.0,0.0,0,0.0,0.0,0.0,0.0,0,0.0,0,1.0,0.0,0.0,22.57000277238701
2.8382192219076257,-9.1,800.0,0.0,0.0,0.0,1,0,0,0,0.0,0.0,0.0,0.0,0,0.0,1.0,0.0,1.0,0.0,0.0,0,0.0,0.0,0.0,0.0,0,0.0,0,0.0,0.0,0.0,0.0
2.2606198751723716,-19.5,40.0,0.0,1.0,0.0,0,0,0,0,0.0,0.0,1.0,0.0,0,0.0,1.0,0.0,0.0,0.0,1.0,0,0.0,0.0,0.0,1.0,0,0.0,0,0.0,0.0,1.0,76.2451227909112
2.1335389083702174,-4.0,10.0,0.0,1.0,0.0,0,0,0,0,0.0,0.0,1.0,0.0,0,0.0,1.0,1.0,0.0,1.0,0.0,0,0.0,0.0,1.0,0.0,0,0.0,0,0.0,1.0,0.0,12.00000000000001
1.968482948553935,-31.0,16.19,0.0,1.0,0.0,0,0,0,0,0.0,0.0,1.0,0.0,0,0.0,1.0,1.0,0.0,0.0,1.0,0,1.0,0.0,0.0,0.0,0,0.0,0,0.0,0.0,1.0,7.843261245310051
1.8573324964312685,-10.5,11.6,0.0,1.0,0.0,0,0,0,0,0.0,1.0,0.0,0.0,0,0.0,0.0,0.0,0.0,0.0,0.0,0,0.0,0.0,0.0,0.0,0,0.0,0,0.0,0.0,1.0,-6.933333333333325
1.8573324964312685,-10.5,6.0,0.0,1.0,0.0,0,0,0,0,0.0,1.0,0.0,0.0,0,0.0,0.0,0.0,0.0,0.0,0.0,0,0.0,0.0,0.0,0.0,0,0.0,0,1.0,0.0,0.0,18.519999999999982
2.5399061033424557,-14.43,2.19,0.0,0.0,0.0,1,0,0,0,0.0,0.0,0.0,0.0,0,0.0,0.0,1.0,0.0,0.0,1.0,0,0.0,1.0,0.0,0.0,0,0.0,0,0.0,0.0,0.0,-29.480363574001032
2.5399061033424557,-14.43,2.19,0.0,0.0,0.0,1,0,0,0,0.0,0.0,0.0,0.0,0,0.0,0.0,1.0,0.0,0.0,1.0,0,0.0,1.0,0.0,0.0,0,0.0,0,1.0,0.0,0.0,-44.64071342822843
2.2826221128780624,-4.92,38.919999999999995,1.0,0.0,0.0,0,0,0,1,0.0,0.0,0.0,0.0,0,0.0,1.0,0.0,0.0,0.0,1.0,0,0.0,1.0,0.0,0.0,0,0.0,0,0.0,0.0,0.0,11.111111111111116
2.225309281725863,-15.0,34.4,0.0,1.0,0.0,0,0,0,0,0.0,0.0,1.0,0.0,0,0.0,1.0,0.0,0.0,0.0,1.0,0,0.0,1.0,0.0,0.0,0,0.0,0,0.0,0.0,1.0,6.800000000000006
2.316997170689212,-11.53,4.0,1.0,0.0,0.0,0,0,0,0,0.0,0.0,0.0,1.0,0,0.0,1.0,1.0,0.0,1.0,0.0,0,0.0,0.0,1.0,0.0,0,0.0,0,1.0,1.0,0.0,52.034261241970015
2.316997170689212,-11.53,4.0,1.0,0.0,0.0,0,0,0,0,0.0,0.0,0.0,1.0,0,0.0,1.0,0.0,0.0,1.0,0.0,0,0.0,0.0,1.0,0.0,0,0.0,0,0.0,1.0,0.0,52.034261241970015
2.361727836017593,-25.4,70.0,1.0,0.0,0.0,0,0,0,0,0.0,0.0,0.0,1.0,0,0.0,1.0,1.0,0.0,0.0,0.0,0,0.0,0.0,0.0,0.0,0,0.0,0,0.0,0.0,0.0,12.231247013855695
2.380211241711606,-22.8,70.0,1.0,0.0,0.0,0,0,0,0,0.0,0.0,0.0,1.0,0,1.0,0.0,1.0,0.0,0.0,0.0,0,0.0,0.0,0.0,0.0,0,0.0,0,0.0,0.0,0.0,48.901098901098905
2.3585059114902354,-52.0,16.259999999999998,0.0,1.0,0.0,0,0,0,0,0.0,0.0,1.0,0.0,0,0.0,1.0,1.0,0.0,0.0,0.0,1,0.0,0.0,0.0,0.0,0,0.0,1,0.0,0.0,1.0,-0.5073398439899179
2.307496037913213,-21.0,16.259999999999998,0.0,1.0,0.0,0,0,0,0,0.0,0.0,1.0,0.0,0,0.0,1.0,1.0,0.0,0.0,0.0,1,0.0,0.0,0.0,0.0,0,0.0,1,0.0,0.0,1.0,0.5073398439899179
2.3332456989619628,-19.1,2.08,1.0,0.0,0.0,0,0,1,0,0.0,0.0,0.0,0.0,0,0.0,1.0,1.0,0.0,0.0,1.0,0,1.0,0.0,0.0,0.0,0,0.0,0,1.0,0.0,0.0,-9.765013054830273
2.3332456989619628,-19.1,2.08,1.0,0.0,0.0,0,0,1,0,0.0,0.0,0.0,0.0,0,0.0,1.0,1.0,0.0,0.0,1.0,0,1.0,0.0,0.0,0.0,0,0.0,0,1.0,0.0,0.0,-8.761575885604266
1.1708482036433094,-30.2,25.0,1.0,0.0,0.0,0,0,1,0,0.0,0.0,0.0,0.0,1,0.0,0.0,0.0,0.0,0.0,1.0,0,0.0,0.0,0.0,1.0,0,0.0,0,1.0,0.0,0.0,15.977961432506893
2.2730012720637376,-35.98,18.0,0.0,1.0,0.0,0,0,0,0,0.0,0.0,1.0,0.0,0,0.0,1.0,1.0,0.0,0.0,1.0,0,0.0,0.0,0.0,0.0,0,1.0,0,0.0,0.0,0.0,-3.4445832589684144
2.1428898054390424,-24.53,20.0,0.0,1.0,0.0,0,0,0,0,0.0,0.0,1.0,0.0,0,0.0,1.0,1.0,0.0,0.0,1.0,0,0.0,0.0,0.0,0.0,0,1.0,0,0.0,0.0,0.0,15.975525954117774
2.334312984758231,-31.63,20.0,0.0,0.0,0.0,1,0,0,0,0.0,0.0,0.0,0.0,0,0.0,1.0,0.0,0.0,0.0,1.0,0,0.0,0.0,0.0,0.0,0,1.0,0,0.0,0.0,0.0,18.34231948408924
2.3246939138617746,-24.33,20.0,0.0,0.0,0.0,1,0,0,0,0.0,0.0,0.0,0.0,0,0.0,1.0,0.0,0.0,0.0,1.0,0,0.0,0.0,0.0,0.0,0,1.0,0,0.0,0.0,0.0,34.911195686647645
2.3450402840195563,-34.13,20.0,0.0,0.0,0.0,1,0,0,0,0.0,0.0,0.0,0.0,0,0.0,1.0,0.0,0.0,0.0,1.0,0,0.0,0.0,0.0,0.0,0,1.0,0,0.0,0.0,0.0,24.25996405539699
2.0831441431430524,-31.3,15.0,0.0,1.0,0.0,0,0,0,0,0.0,0.0,1.0,0.0,0,0.0,1.0,0.0,0.0,0.0,1.0,0,0.0,0.0,0.0,1.0,0,0.0,0,0.0,0.0,0.0,17.75895223740971
2.0831441431430524,-31.3,15.0,0.0,1.0,0.0,0,0,0,0,0.0,0.0,1.0,0.0,0,0.0,1.0,0.0,0.0,0.0,1.0,0,0.0,0.0,0.0,1.0,0,0.0,0,1.0,0.0,0.0,24.998700691232266
1.9084850188786497,-0.3,40.0,1.0,0.0,0.0,0,0,1,0,0.0,0.0,0.0,0.0,0,1.0,0.0,1.0,0.0,1.0,0.0,0,0.0,0.0,1.0,0.0,0,0.0,0,0.0,1.0,0.0,-31.932773109243694
2.2600713879850747,-46.8,30.0,0.0,1.0,0.0,0,0,0,0,0.0,0.0,1.0,0.0,0,0.0,1.0,0.0,0.0,1.0,0.0,0,0.0,0.0,1.0,0.0,0,0.0,0,0.0,1.0,0.0,83.99999999999999
2.023499381548012,-36.6,60.0,0.0,1.0,0.0,0,0,0,0,0.0,0.0,1.0,0.0,0,0.0,1.0,1.0,0.0,0.0,0.0,0,0.0,0.0,0.0,0.0,0,0.0,0,1.0,0.0,0.0,4.108667054180581
2.0638210563437114,-9.8,60.0,0.0,1.0,0.0,0,0,0,0,0.0,0.0,1.0,0.0,0,0.0,1.0,0.0,0.0,0.0,0.0,0,0.0,0.0,0.0,0.0,0,0.0,0,1.0,0.0,0.0,-2.7411509162663994
2.0425755124401905,-19.69,75.0,0.0,1.0,0.0,0,0,0,0,0.0,0.0,1.0,0.0,0,0.0,1.0,1.0,0.0,1.0,0.0,0,0.0,0.0,1.0,0.0,0,0.0,0,0.0,1.0,0.0,35.00196876230477
2.0425755124401905,-19.69,125.0,0.0,1.0,0.0,0,0,0,0,0.0,0.0,1.0,0.0,0,0.0,1.0,1.0,0.0,1.0,0.0,0,0.0,0.0,1.0,0.0,0,0.0,0,0.0,1.0,0.0,-31.248632803955022
2.0,0.0,0.5,0.0,1.0,0.0,0,0,0,0,1.0,0.0,0.0,0.0,0,0.0,1.0,1.0,0.0,1.0,0.0,0,0.0,0.0,1.0,0.0,0,0.0,0,0.0,1.0,0.0,-27.499985999966402
2.1152775913959014,-42.3,1.0,0.0,1.0,0.0,0,0,0,0,0.0,0.0,1.0,0.0,0,0.0,1.0,1.0,0.0,0.0,0.0,0,0.0,0.0,0.0,0.0,0,0.0,0,0.0,0.0,0.0,32.55878515310513
2.1166077439882485,-46.0,1.0,0.0,1.0,0.0,0,0,0,0,0.0,0.0,1.0,0.0,0,0.0,1.0,1.0,0.0,0.0,0.0,0,0.0,0.0,0.0,0.0,0,0.0,0,0.0,0.0,0.0,51.16182227034229
2.2387484392812453,-16.7,44.3,0.0,1.0,0.0,0,0,0,0,0.0,0.0,1.0,0.0,0,0.0,1.0,0.0,0.0,1.0,0.0,0,0.0,0.0,1.0,0.0,0,0.0,0,0.0,0.0,1.0,32.05385852090033
2.4577305482459986,-23.27,3.6,0.0,1.0,0.0,0,0,0,0,0.0,0.0,1.0,0.0,0,0.0,1.0,0.0,0.0,1.0,0.0,0,0.0,0.0,1.0,0.0,0,0.0,0,0.0,1.0,0.0,8.056717280182845
2.2610248339923973,-14.5,2.5,0.0,1.0,0.0,0,0,0,0,0.0,0.0,1.0,0.0,0,0.0,1.0,1.0,1.0,0.0,0.0,0,0.0,0.0,0.0,0.0,0,0.0,0,0.0,0.0,0.0,-70.90091055168719
2.16283314387816,-16.16,64.0,0.0,1.0,0.0,0,0,0,0,0.0,1.0,0.0,0.0,0,0.0,1.0,1.0,0.0,1.0,0.0,0,0.0,0.0,1.0,0.0,0,0.0,0,0.0,1.0,0.0,-9.09264461232171
2.2420691123389402,-30.55,64.0,0.0,1.0,0.0,0,0,0,0,0.0,1.0,0.0,0.0,0,0.0,1.0,1.0,0.0,1.0,0.0,0,0.0,0.0,1.0,0.0,0,0.0,0,0.0,1.0,0.0,12.725338860555802
3.3822571896707556,-14.37,75.0,0.0,0.0,0.0,1,0,0,0,0.0,0.0,0.0,0.0,0,0.0,1.0,0.0,0.0,1.0,0.0,0,0.0,0.0,1.0,0.0,0,0.0,0,0.0,1.0,0.0,-4.7626757332901555
2.161966616364075,-8.2,4.0,0.0,1.0,0.0,0,0,0,0,0.0,0.0,1.0,0.0,0,0.0,1.0,1.0,0.0,1.0,0.0,0,0.0,0.0,1.0,0.0,0,0.0,0,0.0,1.0,0.0,-4.684643510054842
2.161966616364075,-8.2,12.0,0.0,1.0,0.0,0,0,0,0,0.0,0.0,1.0,0.0,0,0.0,1.0,1.0,0.0,1.0,0.0,0,0.0,0.0,1.0,0.0,0,0.0,0,0.0,1.0,0.0,-46.80745135460317
2.2938043599193367,-16.8,10.5,0.0,1.0,0.0,0,0,0,0,0.0,1.0,0.0,0.0,0,0.0,1.0,0.0,0.0,0.0,0.0,0,0.0,0.0,0.0,0.0,0,0.0,0,0.0,0.0,0.0,-1.4932724337878067
2.2837533833325265,-17.7,10.5,0.0,1.0,0.0,0,0,0,0,0.0,1.0,0.0,0.0,0,0.0,1.0,1.0,0.0,0.0,0.0,0,0.0,0.0,0.0,0.0,0,0.0,0,0.0,0.0,0.0,-4.478921799091062
2.184691430817599,-4.15,7.5,0.0,1.0,0.0,0,0,0,0,0.0,0.0,1.0,0.0,0,0.0,1.0,1.0,0.0,1.0,0.0,0,0.0,0.0,1.0,0.0,0,0.0,0,0.0,1.0,0.0,-59.25925925925925
2.1492191126553797,-23.1,5.0,0.0,1.0,0.0,0,0,0,0,0.0,0.0,1.0,0.0,0,0.0,1.0,1.0,0.0,0.0,1.0,0,0.0,0.0,0.0,0.0,1,0.0,0,0.0,0.0,0.0,-1.8010619198594258
2.1702617153949575,-24.38547486,5.0,1.0,0.0,1.0,0,0,0,0,0.0,0.0,0.0,0.0,0,0.0,1.0,0.0,0.0,0.0,1.0,0,0.0,0.0,0.0,0.0,0,1.0,0,0.0,0.0,0.0,163.6326942482341
2.69196510276736,-0.7,8.0,0.0,1.0,0.0,0,0,0,0,0.0,0.0,1.0,0.0,0,1.0,0.0,1.0,0.0,0.0,1.0,0,0.0,0.0,0.0,0.0,0,0.0,0,0.0,0.0,0.0,15.384324262952731
